{
  "dataset_revision": "c22ab2a51041ffd869aaddef7af8d8215647e41a",
  "mteb_dataset_name": "ArguAna",
  "mteb_version": "1.2.0",
  "test": {
    "co2_emissions": 8.29412721352295e-05,
    "evaluation_time": 2.32,
    "map_at_1": 0.14367,
    "map_at_10": 0.25081,
    "map_at_100": 0.26355,
    "map_at_1000": 0.26424,
    "map_at_3": 0.21835,
    "map_at_5": 0.23563,
    "mrr_at_1": 0.15363,
    "mrr_at_10": 0.25436,
    "mrr_at_100": 0.26709,
    "mrr_at_1000": 0.26779,
    "mrr_at_3": 0.2225,
    "mrr_at_5": 0.23896,
    "ndcg_at_1": 0.14367,
    "ndcg_at_10": 0.30959,
    "ndcg_at_100": 0.37151,
    "ndcg_at_1000": 0.39105,
    "ndcg_at_3": 0.24248,
    "ndcg_at_5": 0.27388,
    "precision_at_1": 0.14367,
    "precision_at_10": 0.04972,
    "precision_at_100": 0.00787,
    "precision_at_1000": 0.00094,
    "precision_at_3": 0.10408,
    "precision_at_5": 0.07781,
    "recall_at_1": 0.14367,
    "recall_at_10": 0.49716,
    "recall_at_100": 0.78734,
    "recall_at_1000": 0.9431,
    "recall_at_3": 0.31223,
    "recall_at_5": 0.38905
  }
}