{
  "dataset_revision": "0fd18e25b25c072e09e0d92ab615fda904d66300",
  "mteb_dataset_name": "Banking77Classification",
  "mteb_version": "1.2.0",
  "test": {
    "accuracy": 0.6676623376623377,
    "accuracy_stderr": 0.005567400838797947,
    "co2_emissions": 0.000178902926798245,
    "evaluation_time": 5.02,
    "f1": 0.6658269260829559,
    "f1_stderr": 0.006166442014210076,
    "main_score": 0.6676623376623377
  }
}