{
  "dataset_revision": "47f2ac6acb640fc46020b02a5b59fdda04d39380",
  "mteb_dataset_name": "ClimateFEVER",
  "mteb_version": "1.2.0",
  "test": {
    "co2_emissions": 0.013292970089554648,
    "evaluation_time": 372.79,
    "map_at_1": 0.05721,
    "map_at_10": 0.09832,
    "map_at_100": 0.11004,
    "map_at_1000": 0.11179,
    "map_at_3": 0.07808,
    "map_at_5": 0.08764,
    "mrr_at_1": 0.13094,
    "mrr_at_10": 0.20137,
    "mrr_at_100": 0.2134,
    "mrr_at_1000": 0.21414,
    "mrr_at_3": 0.17123,
    "mrr_at_5": 0.18712,
    "ndcg_at_1": 0.13094,
    "ndcg_at_10": 0.14867,
    "ndcg_at_100": 0.20607,
    "ndcg_at_1000": 0.24345,
    "ndcg_at_3": 0.10954,
    "ndcg_at_5": 0.12337,
    "precision_at_1": 0.13094,
    "precision_at_10": 0.04919,
    "precision_at_100": 0.011,
    "precision_at_1000": 0.00178,
    "precision_at_3": 0.07904,
    "precision_at_5": 0.06645,
    "recall_at_1": 0.05721,
    "recall_at_10": 0.19217,
    "recall_at_100": 0.39427,
    "recall_at_1000": 0.60999,
    "recall_at_3": 0.10054,
    "recall_at_5": 0.13504
  }
}