{
  "dataset_revision": "5003b3064772da1887988e05400cf3806fe491f2",
  "mteb_dataset_name": "CQADupstackGisRetrieval",
  "mteb_version": "1.2.0",
  "test": {
    "co2_emissions": 0.0001365976414037785,
    "evaluation_time": 3.8,
    "map_at_1": 0.07439,
    "map_at_10": 0.10453,
    "map_at_100": 0.11118,
    "map_at_1000": 0.11203,
    "map_at_3": 0.09542,
    "map_at_5": 0.10072,
    "mrr_at_1": 0.0791,
    "mrr_at_10": 0.1117,
    "mrr_at_100": 0.11832,
    "mrr_at_1000": 0.11919,
    "mrr_at_3": 0.10264,
    "mrr_at_5": 0.10812,
    "ndcg_at_1": 0.0791,
    "ndcg_at_10": 0.12319,
    "ndcg_at_100": 0.15977,
    "ndcg_at_1000": 0.18767,
    "ndcg_at_3": 0.10465,
    "ndcg_at_5": 0.11416,
    "precision_at_1": 0.0791,
    "precision_at_10": 0.01966,
    "precision_at_100": 0.00403,
    "precision_at_1000": 0.00067,
    "precision_at_3": 0.04557,
    "precision_at_5": 0.03299,
    "recall_at_1": 0.07439,
    "recall_at_10": 0.1742,
    "recall_at_100": 0.35038,
    "recall_at_1000": 0.573,
    "recall_at_3": 0.12354,
    "recall_at_5": 0.14633
  }
}