{
  "dataset_revision": "46989137a86843e03a6195de44b09deda022eec7",
  "mteb_dataset_name": "CQADupstackTexRetrieval",
  "mteb_version": "1.2.0",
  "test": {
    "co2_emissions": 0.0004001144292580029,
    "evaluation_time": 11.22,
    "map_at_1": 0.05492,
    "map_at_10": 0.08038,
    "map_at_100": 0.0861,
    "map_at_1000": 0.08701,
    "map_at_3": 0.0712,
    "map_at_5": 0.07618,
    "mrr_at_1": 0.06986,
    "mrr_at_10": 0.09875,
    "mrr_at_100": 0.10476,
    "mrr_at_1000": 0.10555,
    "mrr_at_3": 0.08878,
    "mrr_at_5": 0.09422,
    "ndcg_at_1": 0.06986,
    "ndcg_at_10": 0.09931,
    "ndcg_at_100": 0.13008,
    "ndcg_at_1000": 0.1575,
    "ndcg_at_3": 0.08237,
    "ndcg_at_5": 0.08999,
    "precision_at_1": 0.06986,
    "precision_at_10": 0.0193,
    "precision_at_100": 0.00419,
    "precision_at_1000": 0.00077,
    "precision_at_3": 0.04049,
    "precision_at_5": 0.03014,
    "recall_at_1": 0.05492,
    "recall_at_10": 0.13809,
    "recall_at_100": 0.28074,
    "recall_at_1000": 0.4874,
    "recall_at_3": 0.09049,
    "recall_at_5": 0.11028
  }
}