{
  "dataset_revision": "65ac3a16b8e91f9cee4c9828cc7c335575432a2a",
  "mteb_dataset_name": "CQADupstackStatsRetrieval",
  "mteb_version": "1.2.0",
  "test": {
    "co2_emissions": 0.0001481196741025205,
    "evaluation_time": 4.13,
    "map_at_1": 0.08191,
    "map_at_10": 0.11781,
    "map_at_100": 0.12562,
    "map_at_1000": 0.12631,
    "map_at_3": 0.10596,
    "map_at_5": 0.11137,
    "mrr_at_1": 0.09663,
    "mrr_at_10": 0.13566,
    "mrr_at_100": 0.14354,
    "mrr_at_1000": 0.14416,
    "mrr_at_3": 0.1227,
    "mrr_at_5": 0.12899,
    "ndcg_at_1": 0.09663,
    "ndcg_at_10": 0.14277,
    "ndcg_at_100": 0.18331,
    "ndcg_at_1000": 0.20404,
    "ndcg_at_3": 0.1183,
    "ndcg_at_5": 0.12731,
    "precision_at_1": 0.09663,
    "precision_at_10": 0.02485,
    "precision_at_100": 0.00485,
    "precision_at_1000": 0.00071,
    "precision_at_3": 0.05521,
    "precision_at_5": 0.03896,
    "recall_at_1": 0.08191,
    "recall_at_10": 0.20403,
    "recall_at_100": 0.39175,
    "recall_at_1000": 0.55047,
    "recall_at_3": 0.13246,
    "recall_at_5": 0.1559
  }
}