{
  "dataset_revision": "160c094312a0e1facb97e55eeddb698c0abe3571",
  "mteb_dataset_name": "CQADupstackWebmastersRetrieval",
  "mteb_version": "1.2.0",
  "test": {
    "co2_emissions": 6.869242362522943e-05,
    "evaluation_time": 1.92,
    "map_at_1": 0.1058,
    "map_at_10": 0.1496,
    "map_at_100": 0.15842,
    "map_at_1000": 0.15996,
    "map_at_3": 0.13475,
    "map_at_5": 0.14284,
    "mrr_at_1": 0.13043,
    "mrr_at_10": 0.18023,
    "mrr_at_100": 0.1878,
    "mrr_at_1000": 0.18854,
    "mrr_at_3": 0.16469,
    "mrr_at_5": 0.17398,
    "ndcg_at_1": 0.13043,
    "ndcg_at_10": 0.18239,
    "ndcg_at_100": 0.22383,
    "ndcg_at_1000": 0.25559,
    "ndcg_at_3": 0.1575,
    "ndcg_at_5": 0.16987,
    "precision_at_1": 0.13043,
    "precision_at_10": 0.03597,
    "precision_at_100": 0.00875,
    "precision_at_1000": 0.00163,
    "precision_at_3": 0.0751,
    "precision_at_5": 0.05692,
    "recall_at_1": 0.1058,
    "recall_at_10": 0.24255,
    "recall_at_100": 0.44156,
    "recall_at_1000": 0.66006,
    "recall_at_3": 0.16832,
    "recall_at_5": 0.20018
  }
}