{
  "dataset_revision": "4885aa143210c98657558c04aaf3dc47cfb54340",
  "mteb_dataset_name": "CQADupstackGamingRetrieval",
  "mteb_version": "1.2.0",
  "test": {
    "co2_emissions": 0.00015622722378048955,
    "evaluation_time": 4.36,
    "map_at_1": 0.17888,
    "map_at_10": 0.25073,
    "map_at_100": 0.26136,
    "map_at_1000": 0.26226,
    "map_at_3": 0.22728,
    "map_at_5": 0.24041,
    "mrr_at_1": 0.20815,
    "mrr_at_10": 0.27893,
    "mrr_at_100": 0.28803,
    "mrr_at_1000": 0.28869,
    "mrr_at_3": 0.25684,
    "mrr_at_5": 0.26916,
    "ndcg_at_1": 0.20815,
    "ndcg_at_10": 0.29437,
    "ndcg_at_100": 0.34405,
    "ndcg_at_1000": 0.36731,
    "ndcg_at_3": 0.25043,
    "ndcg_at_5": 0.27121,
    "precision_at_1": 0.20815,
    "precision_at_10": 0.05022,
    "precision_at_100": 0.00831,
    "precision_at_1000": 0.0011,
    "precision_at_3": 0.11348,
    "precision_at_5": 0.08163,
    "recall_at_1": 0.17888,
    "recall_at_10": 0.40051,
    "recall_at_100": 0.62304,
    "recall_at_1000": 0.79648,
    "recall_at_3": 0.2792,
    "recall_at_5": 0.33099
  }
}