{
  "dataset_revision": "4ffe81d471b1924886b33c7567bfb200e9eec5c4",
  "mteb_dataset_name": "CQADupstackWordpressRetrieval",
  "mteb_version": "1.2.0",
  "test": {
    "co2_emissions": 0.0001602722597287137,
    "evaluation_time": 4.49,
    "map_at_1": 0.07917,
    "map_at_10": 0.10597,
    "map_at_100": 0.11223,
    "map_at_1000": 0.11318,
    "map_at_3": 0.09766,
    "map_at_5": 0.10163,
    "mrr_at_1": 0.08688,
    "mrr_at_10": 0.11764,
    "mrr_at_100": 0.12362,
    "mrr_at_1000": 0.12455,
    "mrr_at_3": 0.10783,
    "mrr_at_5": 0.113,
    "ndcg_at_1": 0.08688,
    "ndcg_at_10": 0.12459,
    "ndcg_at_100": 0.15706,
    "ndcg_at_1000": 0.18709,
    "ndcg_at_3": 0.10642,
    "ndcg_at_5": 0.11408,
    "precision_at_1": 0.08688,
    "precision_at_10": 0.01959,
    "precision_at_100": 0.00375,
    "precision_at_1000": 0.00068,
    "precision_at_3": 0.04498,
    "precision_at_5": 0.03179,
    "recall_at_1": 0.07917,
    "recall_at_10": 0.17141,
    "recall_at_100": 0.32646,
    "recall_at_1000": 0.5625,
    "recall_at_3": 0.1215,
    "recall_at_5": 0.1403
  }
}