{
  "dataset_revision": "6c6430d3a6d36f8d2a829195bc5dc94d7e063e53",
  "mteb_dataset_name": "CQADupstackUnixRetrieval",
  "mteb_version": "1.2.0",
  "test": {
    "co2_emissions": 0.00019215855370376039,
    "evaluation_time": 5.38,
    "map_at_1": 0.09403,
    "map_at_10": 0.12785,
    "map_at_100": 0.13435,
    "map_at_1000": 0.13536,
    "map_at_3": 0.11723,
    "map_at_5": 0.12334,
    "mrr_at_1": 0.11381,
    "mrr_at_10": 0.15099,
    "mrr_at_100": 0.15759,
    "mrr_at_1000": 0.15847,
    "mrr_at_3": 0.1393,
    "mrr_at_5": 0.14621,
    "ndcg_at_1": 0.11381,
    "ndcg_at_10": 0.15155,
    "ndcg_at_100": 0.18671,
    "ndcg_at_1000": 0.21578,
    "ndcg_at_3": 0.13103,
    "ndcg_at_5": 0.14079,
    "precision_at_1": 0.11381,
    "precision_at_10": 0.02528,
    "precision_at_100": 0.00484,
    "precision_at_1000": 0.00083,
    "precision_at_3": 0.0597,
    "precision_at_5": 0.04235,
    "recall_at_1": 0.09403,
    "recall_at_10": 0.2033,
    "recall_at_100": 0.36573,
    "recall_at_1000": 0.58105,
    "recall_at_3": 0.14594,
    "recall_at_5": 0.17071
  }
}