{
  "dataset_revision": "79531abbd1fb92d06c6d6315a0cbbbf5bb247ea4",
  "mteb_dataset_name": "CQADupstackPhysicsRetrieval",
  "mteb_version": "1.2.0",
  "test": {
    "co2_emissions": 0.000124887348406466,
    "evaluation_time": 3.49,
    "map_at_1": 0.13862,
    "map_at_10": 0.18985,
    "map_at_100": 0.20011,
    "map_at_1000": 0.2014,
    "map_at_3": 0.17262,
    "map_at_5": 0.18202,
    "mrr_at_1": 0.17421,
    "mrr_at_10": 0.22792,
    "mrr_at_100": 0.23699,
    "mrr_at_1000": 0.23785,
    "mrr_at_3": 0.20982,
    "mrr_at_5": 0.21963,
    "ndcg_at_1": 0.17421,
    "ndcg_at_10": 0.22673,
    "ndcg_at_100": 0.27595,
    "ndcg_at_1000": 0.30802,
    "ndcg_at_3": 0.19589,
    "ndcg_at_5": 0.20985,
    "precision_at_1": 0.17421,
    "precision_at_10": 0.04148,
    "precision_at_100": 0.00796,
    "precision_at_1000": 0.00125,
    "precision_at_3": 0.09175,
    "precision_at_5": 0.06641,
    "recall_at_1": 0.13862,
    "recall_at_10": 0.30294,
    "recall_at_100": 0.51597,
    "recall_at_1000": 0.74434,
    "recall_at_3": 0.21464,
    "recall_at_5": 0.25176
  }
}