{
  "dataset_revision": "f46a197baaae43b4f621051089b82a364682dfeb",
  "mteb_dataset_name": "CQADupstackAndroidRetrieval",
  "mteb_version": "1.2.0",
  "test": {
    "co2_emissions": 7.623221540556862e-05,
    "evaluation_time": 2.13,
    "map_at_1": 0.1502,
    "map_at_10": 0.20428,
    "map_at_100": 0.21373,
    "map_at_1000": 0.21507,
    "map_at_3": 0.18446,
    "map_at_5": 0.19495,
    "mrr_at_1": 0.18884,
    "mrr_at_10": 0.24709,
    "mrr_at_100": 0.25448,
    "mrr_at_1000": 0.25524,
    "mrr_at_3": 0.22485,
    "mrr_at_5": 0.23751,
    "ndcg_at_1": 0.18884,
    "ndcg_at_10": 0.24562,
    "ndcg_at_100": 0.2928,
    "ndcg_at_1000": 0.32328,
    "ndcg_at_3": 0.21002,
    "ndcg_at_5": 0.22569,
    "precision_at_1": 0.18884,
    "precision_at_10": 0.0475,
    "precision_at_100": 0.00891,
    "precision_at_1000": 0.00142,
    "precision_at_3": 0.09919,
    "precision_at_5": 0.07439,
    "recall_at_1": 0.1502,
    "recall_at_10": 0.3269,
    "recall_at_100": 0.54705,
    "recall_at_1000": 0.75672,
    "recall_at_3": 0.22096,
    "recall_at_5": 0.26332
  }
}