{
  "dataset_revision": "ad9991cb51e31e31e430383c75ffb2885547b5f0",
  "mteb_dataset_name": "CQADupstackEnglishRetrieval",
  "mteb_version": "1.2.0",
  "test": {
    "co2_emissions": 0.0001495975898851593,
    "evaluation_time": 4.18,
    "map_at_1": 0.10626,
    "map_at_10": 0.14724,
    "map_at_100": 0.15335,
    "map_at_1000": 0.15432,
    "map_at_3": 0.13253,
    "map_at_5": 0.14096,
    "mrr_at_1": 0.13185,
    "mrr_at_10": 0.17573,
    "mrr_at_100": 0.18142,
    "mrr_at_1000": 0.18219,
    "mrr_at_3": 0.15977,
    "mrr_at_5": 0.16913,
    "ndcg_at_1": 0.13185,
    "ndcg_at_10": 0.17577,
    "ndcg_at_100": 0.20698,
    "ndcg_at_1000": 0.23235,
    "ndcg_at_3": 0.14894,
    "ndcg_at_5": 0.16187,
    "precision_at_1": 0.13185,
    "precision_at_10": 0.03331,
    "precision_at_100": 0.00596,
    "precision_at_1000": 0.00099,
    "precision_at_3": 0.07134,
    "precision_at_5": 0.05299,
    "recall_at_1": 0.10626,
    "recall_at_10": 0.23375,
    "recall_at_100": 0.37394,
    "recall_at_1000": 0.55183,
    "recall_at_3": 0.1591,
    "recall_at_5": 0.19194
  }
}