{
  "dataset_revision": "c0f706b76e590d620bd6618b3ca8efdd34e2d659",
  "mteb_dataset_name": "DBPedia",
  "mteb_version": "1.2.0",
  "test": {
    "co2_emissions": 0.007068786650955102,
    "evaluation_time": 197.99,
    "map_at_1": 0.02508,
    "map_at_10": 0.05495,
    "map_at_100": 0.07719,
    "map_at_1000": 0.0837,
    "map_at_3": 0.03944,
    "map_at_5": 0.04533,
    "mrr_at_1": 0.2925,
    "mrr_at_10": 0.38053,
    "mrr_at_100": 0.38925,
    "mrr_at_1000": 0.38962,
    "mrr_at_3": 0.3525,
    "mrr_at_5": 0.367,
    "ndcg_at_1": 0.215,
    "ndcg_at_10": 0.15877,
    "ndcg_at_100": 0.17941,
    "ndcg_at_1000": 0.2403,
    "ndcg_at_3": 0.18109,
    "ndcg_at_5": 0.1677,
    "precision_at_1": 0.2925,
    "precision_at_10": 0.14575,
    "precision_at_100": 0.0465,
    "precision_at_1000": 0.0107,
    "precision_at_3": 0.21667,
    "precision_at_5": 0.183,
    "recall_at_1": 0.02508,
    "recall_at_10": 0.0862,
    "recall_at_100": 0.22502,
    "recall_at_1000": 0.43987,
    "recall_at_3": 0.04727,
    "recall_at_5": 0.05998
  }
}