{
  "dataset_revision": "4f58c6b202a23cf9a4da393831edf4f9183cad37",
  "mteb_dataset_name": "EmotionClassification",
  "mteb_version": "1.2.0",
  "test": {
    "accuracy": 0.35564999999999997,
    "accuracy_stderr": 0.020613163270104855,
    "co2_emissions": 9.670915474116694e-05,
    "evaluation_time": 2.73,
    "f1": 0.32647604155368676,
    "f1_stderr": 0.018127188409406955,
    "main_score": 0.35564999999999997
  }
}