{
  "dataset_revision": "bea83ef9e8fb933d90a2f1d5515737465d613e12",
  "mteb_dataset_name": "FEVER",
  "mteb_version": "1.2.0",
  "test": {
    "co2_emissions": 0.00016380285144628677,
    "evaluation_time": 686.88,
    "map_at_1": 0.08561,
    "map_at_10": 0.12748,
    "map_at_100": 0.13521,
    "map_at_1000": 0.13605,
    "map_at_3": 0.11113,
    "map_at_5": 0.11983,
    "mrr_at_1": 0.09211,
    "mrr_at_10": 0.13604,
    "mrr_at_100": 0.14402,
    "mrr_at_1000": 0.14482,
    "mrr_at_3": 0.11879,
    "mrr_at_5": 0.128,
    "ndcg_at_1": 0.09211,
    "ndcg_at_10": 0.15558,
    "ndcg_at_100": 0.19697,
    "ndcg_at_1000": 0.22191,
    "ndcg_at_3": 0.12148,
    "ndcg_at_5": 0.13726,
    "precision_at_1": 0.09211,
    "precision_at_10": 0.02561,
    "precision_at_100": 0.00477,
    "precision_at_1000": 0.00071,
    "precision_at_3": 0.05161,
    "precision_at_5": 0.03915,
    "recall_at_1": 0.08561,
    "recall_at_10": 0.23676,
    "recall_at_100": 0.43427,
    "recall_at_1000": 0.63059,
    "recall_at_3": 0.14406,
    "recall_at_5": 0.18191
  }
}