{
  "dataset_revision": "27a168819829fe9bcd655c2df245fb19452e8e06",
  "mteb_dataset_name": "FiQA2018",
  "mteb_version": "1.2.0",
  "test": {
    "co2_emissions": 0.00018133513104197783,
    "evaluation_time": 5.07,
    "map_at_1": 0.04327,
    "map_at_10": 0.07509,
    "map_at_100": 0.08255,
    "map_at_1000": 0.08408,
    "map_at_3": 0.06333,
    "map_at_5": 0.06847,
    "mrr_at_1": 0.0787,
    "mrr_at_10": 0.12783,
    "mrr_at_100": 0.13643,
    "mrr_at_1000": 0.1375,
    "mrr_at_3": 0.11368,
    "mrr_at_5": 0.12132,
    "ndcg_at_1": 0.0787,
    "ndcg_at_10": 0.10488,
    "ndcg_at_100": 0.14683,
    "ndcg_at_1000": 0.18786,
    "ndcg_at_3": 0.08716,
    "ndcg_at_5": 0.09201,
    "precision_at_1": 0.0787,
    "precision_at_10": 0.03071,
    "precision_at_100": 0.00731,
    "precision_at_1000": 0.00142,
    "precision_at_3": 0.05916,
    "precision_at_5": 0.04506,
    "recall_at_1": 0.04327,
    "recall_at_10": 0.14067,
    "recall_at_100": 0.30801,
    "recall_at_1000": 0.57285,
    "recall_at_3": 0.08625,
    "recall_at_5": 0.10445
  }
}