{
  "dataset_revision": "ab518f4d6fcca38d87c25209f94beba119d02014",
  "mteb_dataset_name": "HotpotQA",
  "mteb_version": "1.2.0",
  "test": {
    "co2_emissions": 0.02168829393285215,
    "evaluation_time": 609.77,
    "map_at_1": 0.11195,
    "map_at_10": 0.15754,
    "map_at_100": 0.1643,
    "map_at_1000": 0.16527,
    "map_at_3": 0.14381,
    "map_at_5": 0.15145,
    "mrr_at_1": 0.2239,
    "mrr_at_10": 0.28087,
    "mrr_at_100": 0.28801,
    "mrr_at_1000": 0.28874,
    "mrr_at_3": 0.26455,
    "mrr_at_5": 0.27383,
    "ndcg_at_1": 0.2239,
    "ndcg_at_10": 0.20768,
    "ndcg_at_100": 0.24228,
    "ndcg_at_1000": 0.26857,
    "ndcg_at_3": 0.17979,
    "ndcg_at_5": 0.19334,
    "precision_at_1": 0.2239,
    "precision_at_10": 0.0469,
    "precision_at_100": 0.00748,
    "precision_at_1000": 0.0011,
    "precision_at_3": 0.11429,
    "precision_at_5": 0.0793,
    "recall_at_1": 0.11195,
    "recall_at_10": 0.2345,
    "recall_at_100": 0.374,
    "recall_at_1000": 0.55084,
    "recall_at_3": 0.17144,
    "recall_at_5": 0.19824
  }
}