{
  "dataset_revision": "7d571f92784cd94a019292a1f45445077d0ef634",
  "mteb_dataset_name": "MassiveScenarioClassification",
  "mteb_version": "1.2.0",
  "test": {
    "co2_emissions": 0.00010071692154344935,
    "en": {
      "accuracy": 0.6484868863483523,
      "accuracy_stderr": 0.010657719077690671,
      "f1": 0.6359963087028935,
      "f1_stderr": 0.009630782370813237,
      "main_score": 0.6484868863483523
    },
    "evaluation_time": 2.83
  }
}