{
  "dataset_revision": "31efe3c427b0bae9c22cbb560b8f15491cc6bed7",
  "mteb_dataset_name": "MassiveIntentClassification",
  "mteb_version": "1.2.0",
  "test": {
    "co2_emissions": 0.000165154314680566,
    "en": {
      "accuracy": 0.5702757229320781,
      "accuracy_stderr": 0.010961874072346984,
      "f1": 0.5396909396217892,
      "f1_stderr": 0.010266694440167607,
      "main_score": 0.5702757229320781
    },
    "evaluation_time": 4.64
  }
}