{
  "dataset_revision": "c5a29a104738b98a9e76336939199e264163d4a0",
  "dev": {
    "co2_emissions": 0.03745468622309032,
    "evaluation_time": 1055.4,
    "map_at_1": 0.04819,
    "map_at_10": 0.07779,
    "map_at_100": 0.08447,
    "map_at_1000": 0.08541,
    "map_at_3": 0.06569,
    "map_at_5": 0.07214,
    "mrr_at_1": 0.049,
    "mrr_at_10": 0.07944,
    "mrr_at_100": 0.08626,
    "mrr_at_1000": 0.08718,
    "mrr_at_3": 0.06705,
    "mrr_at_5": 0.0737,
    "ndcg_at_1": 0.049,
    "ndcg_at_10": 0.09752,
    "ndcg_at_100": 0.13528,
    "ndcg_at_1000": 0.16432,
    "ndcg_at_3": 0.07203,
    "ndcg_at_5": 0.08379,
    "precision_at_1": 0.049,
    "precision_at_10": 0.0165,
    "precision_at_100": 0.00363,
    "precision_at_1000": 0.00061,
    "precision_at_3": 0.03042,
    "precision_at_5": 0.02413,
    "recall_at_1": 0.04819,
    "recall_at_10": 0.15965,
    "recall_at_100": 0.34601,
    "recall_at_1000": 0.58028,
    "recall_at_3": 0.08906,
    "recall_at_5": 0.11753
  },
  "mteb_dataset_name": "MSMARCO",
  "mteb_version": "1.2.0"
}