{
  "dataset_revision": "ae001d0e6b1228650b7bd1c2c65fb50ad11a8aba",
  "mteb_dataset_name": "MTOPIntentClassification",
  "mteb_version": "1.2.0",
  "test": {
    "co2_emissions": 0.00020229072993568914,
    "en": {
      "accuracy": 0.5720702234382126,
      "accuracy_stderr": 0.012918244666075789,
      "f1": 0.38408733105469034,
      "f1_stderr": 0.007565335440772586,
      "main_score": 0.5720702234382126
    },
    "evaluation_time": 5.69
  }
}