{
  "dataset_revision": "b774495ed302d8c44a3a7ea25c90dbce03968f31",
  "mteb_dataset_name": "NQ",
  "mteb_version": "1.2.0",
  "test": {
    "co2_emissions": 0.008452939486423469,
    "evaluation_time": 236.78,
    "map_at_1": 0.05424,
    "map_at_10": 0.09727,
    "map_at_100": 0.10674,
    "map_at_1000": 0.10773,
    "map_at_3": 0.0801,
    "map_at_5": 0.08836,
    "mrr_at_1": 0.06286,
    "mrr_at_10": 0.10899,
    "mrr_at_100": 0.11807,
    "mrr_at_1000": 0.11895,
    "mrr_at_3": 0.09077,
    "mrr_at_5": 0.09955,
    "ndcg_at_1": 0.06286,
    "ndcg_at_10": 0.12751,
    "ndcg_at_100": 0.17767,
    "ndcg_at_1000": 0.20737,
    "ndcg_at_3": 0.09109,
    "ndcg_at_5": 0.10593,
    "precision_at_1": 0.06286,
    "precision_at_10": 0.02506,
    "precision_at_100": 0.00537,
    "precision_at_1000": 0.00082,
    "precision_at_3": 0.04403,
    "precision_at_5": 0.0347,
    "recall_at_1": 0.05424,
    "recall_at_10": 0.2107,
    "recall_at_100": 0.44836,
    "recall_at_1000": 0.68043,
    "recall_at_3": 0.1124,
    "recall_at_5": 0.14692
  }
}