{
  "dataset_revision": null,
  "mteb_dataset_name": "QuoraRetrieval",
  "mteb_version": "1.2.0",
  "test": {
    "co2_emissions": 0.0027345964906004307,
    "evaluation_time": 76.79,
    "map_at_1": 0.54909,
    "map_at_10": 0.666,
    "map_at_100": 0.67463,
    "map_at_1000": 0.6751,
    "map_at_3": 0.63664,
    "map_at_5": 0.65383,
    "mrr_at_1": 0.6277,
    "mrr_at_10": 0.70729,
    "mrr_at_100": 0.71128,
    "mrr_at_1000": 0.71143,
    "mrr_at_3": 0.68882,
    "mrr_at_5": 0.69994,
    "ndcg_at_1": 0.629,
    "ndcg_at_10": 0.71575,
    "ndcg_at_100": 0.74454,
    "ndcg_at_1000": 0.75182,
    "ndcg_at_3": 0.67423,
    "ndcg_at_5": 0.69473,
    "precision_at_1": 0.629,
    "precision_at_10": 0.10917,
    "precision_at_100": 0.01365,
    "precision_at_1000": 0.0015,
    "precision_at_3": 0.29223,
    "precision_at_5": 0.19484,
    "recall_at_1": 0.54909,
    "recall_at_10": 0.81803,
    "recall_at_100": 0.93287,
    "recall_at_1000": 0.97908,
    "recall_at_3": 0.70148,
    "recall_at_5": 0.75611
  }
}