{
  "dataset_revision": null,
  "mteb_dataset_name": "SCIDOCS",
  "mteb_version": "1.2.0",
  "test": {
    "co2_emissions": 0.00015663518817012314,
    "evaluation_time": 4.39,
    "map_at_1": 0.01858,
    "map_at_10": 0.04517,
    "map_at_100": 0.05423,
    "map_at_1000": 0.05626,
    "map_at_3": 0.03326,
    "map_at_5": 0.03897,
    "mrr_at_1": 0.091,
    "mrr_at_10": 0.15508,
    "mrr_at_100": 0.16533,
    "mrr_at_1000": 0.16643,
    "mrr_at_3": 0.13167,
    "mrr_at_5": 0.14537,
    "ndcg_at_1": 0.091,
    "ndcg_at_10": 0.0847,
    "ndcg_at_100": 0.13207,
    "ndcg_at_1000": 0.18076,
    "ndcg_at_3": 0.07758,
    "ndcg_at_5": 0.06925,
    "precision_at_1": 0.091,
    "precision_at_10": 0.045,
    "precision_at_100": 0.01152,
    "precision_at_1000": 0.00234,
    "precision_at_3": 0.07333,
    "precision_at_5": 0.0618,
    "recall_at_1": 0.01858,
    "recall_at_10": 0.09155,
    "recall_at_100": 0.23455,
    "recall_at_1000": 0.47625,
    "recall_at_3": 0.04505,
    "recall_at_5": 0.063
  }
}