{
  "dataset_revision": "0228b52cf27578f30900b9e5271d331663a030d7",
  "mteb_dataset_name": "SciFact",
  "mteb_version": "1.2.0",
  "test": {
    "co2_emissions": 4.2952006081440925e-05,
    "evaluation_time": 1.2,
    "map_at_1": 0.18667,
    "map_at_10": 0.25737,
    "map_at_100": 0.26597,
    "map_at_1000": 0.26716,
    "map_at_3": 0.23662,
    "map_at_5": 0.25047,
    "mrr_at_1": 0.2,
    "mrr_at_10": 0.26935,
    "mrr_at_100": 0.27715,
    "mrr_at_1000": 0.27827,
    "mrr_at_3": 0.25111,
    "mrr_at_5": 0.26394,
    "ndcg_at_1": 0.2,
    "ndcg_at_10": 0.29526,
    "ndcg_at_100": 0.34256,
    "ndcg_at_1000": 0.3779,
    "ndcg_at_3": 0.25674,
    "ndcg_at_5": 0.28073,
    "precision_at_1": 0.2,
    "precision_at_10": 0.04433,
    "precision_at_100": 0.00703,
    "precision_at_1000": 0.00102,
    "precision_at_3": 0.10778,
    "precision_at_5": 0.07867,
    "recall_at_1": 0.18667,
    "recall_at_10": 0.39944,
    "recall_at_100": 0.63361,
    "recall_at_1000": 0.91622,
    "recall_at_3": 0.30194,
    "recall_at_5": 0.35806
  }
}