{
  "dataset_revision": "a6ea5a8cab320b040a23452cc28066d9beae2cee",
  "mteb_dataset_name": "SICK-R",
  "mteb_version": "1.2.0",
  "test": {
    "co2_emissions": 1.401247427979175e-05,
    "cos_sim": {
      "pearson": 0.6740745284837678,
      "spearman": 0.5548989810259632
    },
    "euclidean": {
      "pearson": 0.566411049044126,
      "spearman": 0.5254012061577221
    },
    "evaluation_time": 0.38,
    "manhattan": {
      "pearson": 0.566207392021533,
      "spearman": 0.5254987540568259
    }
  }
}