{
  "dataset_revision": "4d8694f8f0e0100860b497b999b3dbed754a0513",
  "mteb_dataset_name": "STS16",
  "mteb_version": "1.2.0",
  "test": {
    "co2_emissions": 2.500787525669401e-06,
    "cos_sim": {
      "pearson": 0.5766178284886309,
      "spearman": 0.646011290069885
    },
    "euclidean": {
      "pearson": 0.5166242152444507,
      "spearman": 0.5848000069828349
    },
    "evaluation_time": 0.06,
    "manhattan": {
      "pearson": 0.5167275261614329,
      "spearman": 0.5851909461202065
    }
  }
}