{
  "dataset_revision": "ae752c7c21bf194d8b67fd573edf7ae58183cbe3",
  "mteb_dataset_name": "STS15",
  "mteb_version": "1.2.0",
  "test": {
    "co2_emissions": 5.677081131655489e-06,
    "cos_sim": {
      "pearson": 0.7065242939133493,
      "spearman": 0.740812262403237
    },
    "euclidean": {
      "pearson": 0.644398938708268,
      "spearman": 0.6902108370101289
    },
    "evaluation_time": 0.15,
    "manhattan": {
      "pearson": 0.643684100462881,
      "spearman": 0.6893766681122343
    }
  }
}