{
  "dataset_revision": "af5e6fb845001ecf41f4c1e033ce921939a2a68d",
  "mteb_dataset_name": "STS17",
  "mteb_version": "1.2.0",
  "test": {
    "co2_emissions": 1.2941473797642902e-06,
    "en-en": {
      "cos_sim": {
        "pearson": 0.7496237666067087,
        "spearman": 0.7691005426258415
      },
      "euclidean": {
        "pearson": 0.691870235080803,
        "spearman": 0.727967496412359
      },
      "manhattan": {
        "pearson": 0.695147551686754,
        "spearman": 0.731205789749194
      }
    },
    "evaluation_time": 0.02
  }
}