{
  "dataset_revision": "b0fddb56ed78048fa8b90373c8a3cfc37b684831",
  "mteb_dataset_name": "STSBenchmark",
  "mteb_version": "1.2.0",
  "test": {
    "co2_emissions": 2.8002198288244733e-06,
    "cos_sim": {
      "pearson": 0.5894057921685593,
      "spearman": 0.6155281748776228
    },
    "euclidean": {
      "pearson": 0.5347624664922925,
      "spearman": 0.5803155209269462
    },
    "evaluation_time": 0.08,
    "manhattan": {
      "pearson": 0.5351820501615635,
      "spearman": 0.5801574792939825
    }
  }
}