{
  "dataset_revision": "a34f9a33db75fa0cbb21bb5cfc3dae8dc8bec93f",
  "mteb_dataset_name": "Touche2020",
  "mteb_version": "1.2.0",
  "test": {
    "co2_emissions": 0.0017657741234914988,
    "evaluation_time": 49.73,
    "map_at_1": 0.00954,
    "map_at_10": 0.03907,
    "map_at_100": 0.07003,
    "map_at_1000": 0.08616,
    "map_at_3": 0.02205,
    "map_at_5": 0.03061,
    "mrr_at_1": 0.14286,
    "mrr_at_10": 0.31077,
    "mrr_at_100": 0.32124,
    "mrr_at_1000": 0.32141,
    "mrr_at_3": 0.26531,
    "mrr_at_5": 0.29388,
    "ndcg_at_1": 0.14286,
    "ndcg_at_10": 0.13173,
    "ndcg_at_100": 0.23476,
    "ndcg_at_1000": 0.36949,
    "ndcg_at_3": 0.15285,
    "ndcg_at_5": 0.14962,
    "precision_at_1": 0.14286,
    "precision_at_10": 0.12857,
    "precision_at_100": 0.05633,
    "precision_at_1000": 0.014,
    "precision_at_3": 0.17007,
    "precision_at_5": 0.16327,
    "recall_at_1": 0.00954,
    "recall_at_10": 0.08554,
    "recall_at_100": 0.3494,
    "recall_at_1000": 0.77181,
    "recall_at_3": 0.0361,
    "recall_at_5": 0.05738
  }
}