{
  "dataset_revision": "d7c0de2777da35d6aae2200a62c6e0e5af397c4c",
  "mteb_dataset_name": "ToxicConversationsClassification",
  "mteb_version": "1.2.0",
  "test": {
    "accuracy": 0.689646,
    "accuracy_stderr": 0.04682093125942713,
    "ap": 0.13292678817745798,
    "ap_stderr": 0.005765360879583229,
    "co2_emissions": 0.0002075148939581852,
    "evaluation_time": 5.83,
    "f1": 0.5300121901123794,
    "f1_stderr": 0.024871507003663848,
    "main_score": 0.689646
  }
}