{
  "dataset_revision": null,
  "mteb_dataset_name": "TRECCOVID",
  "mteb_version": "1.2.0",
  "test": {
    "co2_emissions": 0.0005550333892769239,
    "evaluation_time": 15.59,
    "map_at_1": 0.00128,
    "map_at_10": 0.00725,
    "map_at_100": 0.02391,
    "map_at_1000": 0.05172,
    "map_at_3": 0.00328,
    "map_at_5": 0.00486,
    "mrr_at_1": 0.48,
    "mrr_at_10": 0.60636,
    "mrr_at_100": 0.61478,
    "mrr_at_1000": 0.61483,
    "mrr_at_3": 0.58667,
    "mrr_at_5": 0.59567,
    "ndcg_at_1": 0.46,
    "ndcg_at_10": 0.35923,
    "ndcg_at_100": 0.22764,
    "ndcg_at_1000": 0.19607,
    "ndcg_at_3": 0.43754,
    "ndcg_at_5": 0.40525,
    "precision_at_1": 0.5,
    "precision_at_10": 0.378,
    "precision_at_100": 0.2328,
    "precision_at_1000": 0.09578,
    "precision_at_3": 0.48667,
    "precision_at_5": 0.44,
    "recall_at_1": 0.00128,
    "recall_at_10": 0.00894,
    "recall_at_100": 0.04788,
    "recall_at_1000": 0.18857,
    "recall_at_3": 0.00369,
    "recall_at_5": 0.00551
  }
}