{
  "dataset_revision": "d604517c81ca91fe16a244d1248fc021f9ecee7a",
  "mteb_dataset_name": "TweetSentimentExtractionClassification",
  "mteb_version": "1.2.0",
  "test": {
    "accuracy": 0.4946236559139785,
    "accuracy_stderr": 0.010691452836293896,
    "co2_emissions": 0.00010449426676123796,
    "evaluation_time": 2.92,
    "f1": 0.493875261643851,
    "f1_stderr": 0.00937833310156405,
    "main_score": 0.4946236559139785
  }
}