{
  "dataset_revision": "e8379541af4e31359cca9fbcf4b00f2671dba205",
  "mteb_dataset_name": "AmazonCounterfactualClassification",
  "mteb_version": "1.2.0",
  "test": {
    "co2_emissions": 0.00046581772425614875,
    "en": {
      "accuracy": 0.7952238805970149,
      "accuracy_stderr": 0.03656442268127179,
      "ap": 0.4396203574289519,
      "ap_stderr": 0.04308381227482125,
      "f1": 0.7372294035604606,
      "f1_stderr": 0.03487463599917689,
      "main_score": 0.7952238805970149
    },
    "evaluation_time": 11.96
  }
}