{
  "dataset_revision": "c22ab2a51041ffd869aaddef7af8d8215647e41a",
  "mteb_dataset_name": "ArguAna",
  "mteb_version": "1.2.0",
  "test": {
    "co2_emissions": 0.004019124604062896,
    "evaluation_time": 65.84,
    "map_at_1": 0.30725,
    "map_at_10": 0.46159,
    "map_at_100": 0.46984,
    "map_at_1000": 0.46993,
    "map_at_3": 0.41358,
    "map_at_5": 0.44136,
    "mrr_at_1": 0.3165,
    "mrr_at_10": 0.46498,
    "mrr_at_100": 0.47336,
    "mrr_at_1000": 0.47346,
    "mrr_at_3": 0.41738,
    "mrr_at_5": 0.44455,
    "ndcg_at_1": 0.30725,
    "ndcg_at_10": 0.54918,
    "ndcg_at_100": 0.58393,
    "ndcg_at_1000": 0.586,
    "ndcg_at_3": 0.45024,
    "ndcg_at_5": 0.50046,
    "precision_at_1": 0.30725,
    "precision_at_10": 0.08293,
    "precision_at_100": 0.0098,
    "precision_at_1000": 0.001,
    "precision_at_3": 0.18563,
    "precision_at_5": 0.13585,
    "recall_at_1": 0.30725,
    "recall_at_10": 0.8293,
    "recall_at_100": 0.98009,
    "recall_at_1000": 0.99573,
    "recall_at_3": 0.5569,
    "recall_at_5": 0.67923
  }
}