{
  "dataset_revision": "47f2ac6acb640fc46020b02a5b59fdda04d39380",
  "mteb_dataset_name": "ClimateFEVER",
  "mteb_version": "1.2.0",
  "test": {
    "co2_emissions": 1.3524277658705635,
    "evaluation_time": 21991.92,
    "map_at_1": 0.08245,
    "map_at_10": 0.14049,
    "map_at_100": 0.15804,
    "map_at_1000": 0.1603,
    "map_at_3": 0.11626,
    "map_at_5": 0.12796,
    "mrr_at_1": 0.18111,
    "mrr_at_10": 0.27929,
    "mrr_at_100": 0.29087,
    "mrr_at_1000": 0.29145,
    "mrr_at_3": 0.24767,
    "mrr_at_5": 0.26454,
    "ndcg_at_1": 0.18111,
    "ndcg_at_10": 0.20596,
    "ndcg_at_100": 0.28268,
    "ndcg_at_1000": 0.32447,
    "ndcg_at_3": 0.16232,
    "ndcg_at_5": 0.17702,
    "precision_at_1": 0.18111,
    "precision_at_10": 0.06645,
    "precision_at_100": 0.01483,
    "precision_at_1000": 0.00224,
    "precision_at_3": 0.1203,
    "precision_at_5": 0.09498,
    "recall_at_1": 0.08245,
    "recall_at_10": 0.25552,
    "recall_at_100": 0.5268,
    "recall_at_1000": 0.76381,
    "recall_at_3": 0.15117,
    "recall_at_5": 0.19074
  }
}