{
  "dataset_revision": "5003b3064772da1887988e05400cf3806fe491f2",
  "mteb_dataset_name": "CQADupstackGisRetrieval",
  "mteb_version": "1.2.0",
  "test": {
    "co2_emissions": 0.015806667138694885,
    "evaluation_time": 256.95,
    "map_at_1": 0.2281,
    "map_at_10": 0.30991,
    "map_at_100": 0.32106,
    "map_at_1000": 0.3219,
    "map_at_3": 0.28318,
    "map_at_5": 0.29703,
    "mrr_at_1": 0.2452,
    "mrr_at_10": 0.32882,
    "mrr_at_100": 0.33873,
    "mrr_at_1000": 0.33938,
    "mrr_at_3": 0.30226,
    "mrr_at_5": 0.31638,
    "ndcg_at_1": 0.2452,
    "ndcg_at_10": 0.35983,
    "ndcg_at_100": 0.41318,
    "ndcg_at_1000": 0.43488,
    "ndcg_at_3": 0.30572,
    "ndcg_at_5": 0.32995,
    "precision_at_1": 0.2452,
    "precision_at_10": 0.05684,
    "precision_at_100": 0.0088,
    "precision_at_1000": 0.00111,
    "precision_at_3": 0.12806,
    "precision_at_5": 0.09085,
    "recall_at_1": 0.2281,
    "recall_at_10": 0.49617,
    "recall_at_100": 0.73874,
    "recall_at_1000": 0.90214,
    "recall_at_3": 0.35009,
    "recall_at_5": 0.4081
  }
}