{
  "dataset_revision": "4885aa143210c98657558c04aaf3dc47cfb54340",
  "mteb_dataset_name": "CQADupstackGamingRetrieval",
  "mteb_version": "1.2.0",
  "test": {
    "co2_emissions": 0.010434506260369559,
    "evaluation_time": 170.29,
    "map_at_1": 0.3901,
    "map_at_10": 0.51449,
    "map_at_100": 0.52425,
    "map_at_1000": 0.52476,
    "map_at_3": 0.4805,
    "map_at_5": 0.50187,
    "mrr_at_1": 0.44828,
    "mrr_at_10": 0.55315,
    "mrr_at_100": 0.5591,
    "mrr_at_1000": 0.55933,
    "mrr_at_3": 0.52696,
    "mrr_at_5": 0.54392,
    "ndcg_at_1": 0.44828,
    "ndcg_at_10": 0.57637,
    "ndcg_at_100": 0.6161,
    "ndcg_at_1000": 0.62667,
    "ndcg_at_3": 0.51875,
    "ndcg_at_5": 0.55085,
    "precision_at_1": 0.44828,
    "precision_at_10": 0.09279,
    "precision_at_100": 0.01224,
    "precision_at_1000": 0.00136,
    "precision_at_3": 0.23093,
    "precision_at_5": 0.16163,
    "recall_at_1": 0.3901,
    "recall_at_10": 0.72155,
    "recall_at_100": 0.89507,
    "recall_at_1000": 0.97093,
    "recall_at_3": 0.56995,
    "recall_at_5": 0.64738
  }
}