{
  "dataset_revision": "4ffe81d471b1924886b33c7567bfb200e9eec5c4",
  "mteb_dataset_name": "CQADupstackWordpressRetrieval",
  "mteb_version": "1.2.0",
  "test": {
    "co2_emissions": 0.021831552610279976,
    "evaluation_time": 354.41,
    "map_at_1": 0.1618,
    "map_at_10": 0.23696,
    "map_at_100": 0.24596,
    "map_at_1000": 0.24704,
    "map_at_3": 0.21307,
    "map_at_5": 0.22799,
    "mrr_at_1": 0.18115,
    "mrr_at_10": 0.25903,
    "mrr_at_100": 0.26717,
    "mrr_at_1000": 0.26796,
    "mrr_at_3": 0.23598,
    "mrr_at_5": 0.2504,
    "ndcg_at_1": 0.18115,
    "ndcg_at_10": 0.28206,
    "ndcg_at_100": 0.32912,
    "ndcg_at_1000": 0.35699,
    "ndcg_at_3": 0.23503,
    "ndcg_at_5": 0.26128,
    "precision_at_1": 0.18115,
    "precision_at_10": 0.04603,
    "precision_at_100": 0.00754,
    "precision_at_1000": 0.00107,
    "precision_at_3": 0.1029,
    "precision_at_5": 0.07652,
    "recall_at_1": 0.1618,
    "recall_at_10": 0.40063,
    "recall_at_100": 0.62173,
    "recall_at_1000": 0.83136,
    "recall_at_3": 0.27616,
    "recall_at_5": 0.33953
  }
}