{
  "dataset_revision": "f46a197baaae43b4f621051089b82a364682dfeb",
  "mteb_dataset_name": "CQADupstackAndroidRetrieval",
  "mteb_version": "1.2.0",
  "test": {
    "co2_emissions": 0.006210583294952662,
    "evaluation_time": 101.24,
    "map_at_1": 0.31407,
    "map_at_10": 0.42098,
    "map_at_100": 0.4356,
    "map_at_1000": 0.43681,
    "map_at_3": 0.38665,
    "map_at_5": 0.40442,
    "mrr_at_1": 0.38197,
    "mrr_at_10": 0.48407,
    "mrr_at_100": 0.49115,
    "mrr_at_1000": 0.49159,
    "mrr_at_3": 0.45875,
    "mrr_at_5": 0.4717,
    "ndcg_at_1": 0.38197,
    "ndcg_at_10": 0.48441,
    "ndcg_at_100": 0.53641,
    "ndcg_at_1000": 0.55698,
    "ndcg_at_3": 0.43358,
    "ndcg_at_5": 0.45418,
    "precision_at_1": 0.38197,
    "precision_at_10": 0.09313,
    "precision_at_100": 0.01474,
    "precision_at_1000": 0.00191,
    "precision_at_3": 0.20458,
    "precision_at_5": 0.14564,
    "recall_at_1": 0.31407,
    "recall_at_10": 0.59972,
    "recall_at_100": 0.81732,
    "recall_at_1000": 0.9512,
    "recall_at_3": 0.45402,
    "recall_at_5": 0.51483
  }
}