{
  "dataset_revision": "79531abbd1fb92d06c6d6315a0cbbbf5bb247ea4",
  "mteb_dataset_name": "CQADupstackPhysicsRetrieval",
  "mteb_version": "1.2.0",
  "test": {
    "co2_emissions": 0.01852798796309455,
    "evaluation_time": 301.18,
    "map_at_1": 0.23268,
    "map_at_10": 0.31728,
    "map_at_100": 0.33077,
    "map_at_1000": 0.33203,
    "map_at_3": 0.28747,
    "map_at_5": 0.30468,
    "mrr_at_1": 0.2897,
    "mrr_at_10": 0.36894,
    "mrr_at_100": 0.37904,
    "mrr_at_1000": 0.37967,
    "mrr_at_3": 0.342,
    "mrr_at_5": 0.35773,
    "ndcg_at_1": 0.2897,
    "ndcg_at_10": 0.3722,
    "ndcg_at_100": 0.43035,
    "ndcg_at_1000": 0.45629,
    "ndcg_at_3": 0.32157,
    "ndcg_at_5": 0.34612,
    "precision_at_1": 0.2897,
    "precision_at_10": 0.06959,
    "precision_at_100": 0.01161,
    "precision_at_1000": 0.00159,
    "precision_at_3": 0.15143,
    "precision_at_5": 0.11203,
    "recall_at_1": 0.23268,
    "recall_at_10": 0.48593,
    "recall_at_100": 0.73043,
    "recall_at_1000": 0.90573,
    "recall_at_3": 0.34408,
    "recall_at_5": 0.40665
  }
}