{
  "dataset_revision": "90fceea13679c63fe563ded68f3b6f06e50061de",
  "mteb_dataset_name": "CQADupstackMathematicaRetrieval",
  "mteb_version": "1.2.0",
  "test": {
    "co2_emissions": 0.009463746918962375,
    "evaluation_time": 153.97,
    "map_at_1": 0.1385,
    "map_at_10": 0.2173,
    "map_at_100": 0.22909,
    "map_at_1000": 0.23029,
    "map_at_3": 0.19394,
    "map_at_5": 0.20669,
    "mrr_at_1": 0.1704,
    "mrr_at_10": 0.25554,
    "mrr_at_100": 0.26593,
    "mrr_at_1000": 0.26663,
    "mrr_at_3": 0.233,
    "mrr_at_5": 0.24625,
    "ndcg_at_1": 0.1704,
    "ndcg_at_10": 0.2663,
    "ndcg_at_100": 0.32447,
    "ndcg_at_1000": 0.35382,
    "ndcg_at_3": 0.22299,
    "ndcg_at_5": 0.24315,
    "precision_at_1": 0.1704,
    "precision_at_10": 0.05025,
    "precision_at_100": 0.0091,
    "precision_at_1000": 0.00131,
    "precision_at_3": 0.10904,
    "precision_at_5": 0.0791,
    "recall_at_1": 0.1385,
    "recall_at_10": 0.37808,
    "recall_at_100": 0.63581,
    "recall_at_1000": 0.84327,
    "recall_at_3": 0.25903,
    "recall_at_5": 0.31007
  }
}