{
  "dataset_revision": "ad9991cb51e31e31e430383c75ffb2885547b5f0",
  "mteb_dataset_name": "CQADupstackEnglishRetrieval",
  "mteb_version": "1.2.0",
  "test": {
    "co2_emissions": 0.009514713186757066,
    "evaluation_time": 155.19,
    "map_at_1": 0.25924,
    "map_at_10": 0.34816,
    "map_at_100": 0.35942,
    "map_at_1000": 0.36068,
    "map_at_3": 0.32172,
    "map_at_5": 0.33703,
    "mrr_at_1": 0.32357,
    "mrr_at_10": 0.40458,
    "mrr_at_100": 0.41174,
    "mrr_at_1000": 0.41224,
    "mrr_at_3": 0.38227,
    "mrr_at_5": 0.39517,
    "ndcg_at_1": 0.32357,
    "ndcg_at_10": 0.4015,
    "ndcg_at_100": 0.44731,
    "ndcg_at_1000": 0.47036,
    "ndcg_at_3": 0.36179,
    "ndcg_at_5": 0.38068,
    "precision_at_1": 0.32357,
    "precision_at_10": 0.07497,
    "precision_at_100": 0.01238,
    "precision_at_1000": 0.00174,
    "precision_at_3": 0.17452,
    "precision_at_5": 0.1242,
    "recall_at_1": 0.25924,
    "recall_at_10": 0.49757,
    "recall_at_100": 0.69506,
    "recall_at_1000": 0.84484,
    "recall_at_3": 0.38016,
    "recall_at_5": 0.43298
  }
}