{
  "dataset_revision": "65ac3a16b8e91f9cee4c9828cc7c335575432a2a",
  "mteb_dataset_name": "CQADupstackStatsRetrieval",
  "mteb_version": "1.2.0",
  "test": {
    "co2_emissions": 0.023218806976079663,
    "evaluation_time": 376.91,
    "map_at_1": 0.216,
    "map_at_10": 0.28224,
    "map_at_100": 0.29226,
    "map_at_1000": 0.29323,
    "map_at_3": 0.26113,
    "map_at_5": 0.27267,
    "mrr_at_1": 0.2454,
    "mrr_at_10": 0.30892,
    "mrr_at_100": 0.31736,
    "mrr_at_1000": 0.31805,
    "mrr_at_3": 0.28732,
    "mrr_at_5": 0.29913,
    "ndcg_at_1": 0.2454,
    "ndcg_at_10": 0.32227,
    "ndcg_at_100": 0.3709,
    "ndcg_at_1000": 0.39526,
    "ndcg_at_3": 0.28144,
    "ndcg_at_5": 0.30059,
    "precision_at_1": 0.2454,
    "precision_at_10": 0.05107,
    "precision_at_100": 0.00824,
    "precision_at_1000": 0.00111,
    "precision_at_3": 0.12117,
    "precision_at_5": 0.08466,
    "recall_at_1": 0.216,
    "recall_at_10": 0.42026,
    "recall_at_100": 0.64193,
    "recall_at_1000": 0.82121,
    "recall_at_3": 0.30677,
    "recall_at_5": 0.35553
  }
}