{
  "dataset_revision": "46989137a86843e03a6195de44b09deda022eec7",
  "mteb_dataset_name": "CQADupstackTexRetrieval",
  "mteb_version": "1.2.0",
  "test": {
    "co2_emissions": 0.0375819868295509,
    "evaluation_time": 611.74,
    "map_at_1": 0.14557,
    "map_at_10": 0.20941,
    "map_at_100": 0.21974,
    "map_at_1000": 0.22099,
    "map_at_3": 0.18842,
    "map_at_5": 0.2008,
    "mrr_at_1": 0.18032,
    "mrr_at_10": 0.24597,
    "mrr_at_100": 0.25507,
    "mrr_at_1000": 0.25588,
    "mrr_at_3": 0.22563,
    "mrr_at_5": 0.2381,
    "ndcg_at_1": 0.18032,
    "ndcg_at_10": 0.25101,
    "ndcg_at_100": 0.3025,
    "ndcg_at_1000": 0.33311,
    "ndcg_at_3": 0.21343,
    "ndcg_at_5": 0.23215,
    "precision_at_1": 0.18032,
    "precision_at_10": 0.04642,
    "precision_at_100": 0.00852,
    "precision_at_1000": 0.00129,
    "precision_at_3": 0.10186,
    "precision_at_5": 0.07536,
    "recall_at_1": 0.14557,
    "recall_at_10": 0.34057,
    "recall_at_100": 0.57387,
    "recall_at_1000": 0.79457,
    "recall_at_3": 0.23689,
    "recall_at_5": 0.28455
  }
}