{
  "dataset_revision": "160c094312a0e1facb97e55eeddb698c0abe3571",
  "mteb_dataset_name": "CQADupstackWebmastersRetrieval",
  "mteb_version": "1.2.0",
  "test": {
    "co2_emissions": 0.006071765296457457,
    "evaluation_time": 98.72,
    "map_at_1": 0.22975,
    "map_at_10": 0.32568,
    "map_at_100": 0.34111,
    "map_at_1000": 0.34282,
    "map_at_3": 0.29844,
    "map_at_5": 0.31344,
    "mrr_at_1": 0.27273,
    "mrr_at_10": 0.36851,
    "mrr_at_100": 0.37911,
    "mrr_at_1000": 0.37964,
    "mrr_at_3": 0.34387,
    "mrr_at_5": 0.3587,
    "ndcg_at_1": 0.27273,
    "ndcg_at_10": 0.38256,
    "ndcg_at_100": 0.44334,
    "ndcg_at_1000": 0.46807,
    "ndcg_at_3": 0.33815,
    "ndcg_at_5": 0.35963,
    "precision_at_1": 0.27273,
    "precision_at_10": 0.07233,
    "precision_at_100": 0.01423,
    "precision_at_1000": 0.00217,
    "precision_at_3": 0.15744,
    "precision_at_5": 0.11502,
    "recall_at_1": 0.22975,
    "recall_at_10": 0.49533,
    "recall_at_100": 0.76374,
    "recall_at_1000": 0.92106,
    "recall_at_3": 0.37117,
    "recall_at_5": 0.42756
  }
}