{
  "dataset_revision": "6c6430d3a6d36f8d2a829195bc5dc94d7e063e53",
  "mteb_dataset_name": "CQADupstackUnixRetrieval",
  "mteb_version": "1.2.0",
  "test": {
    "co2_emissions": 0.019697754621940698,
    "evaluation_time": 320.44,
    "map_at_1": 0.22412,
    "map_at_10": 0.30952,
    "map_at_100": 0.321,
    "map_at_1000": 0.32205,
    "map_at_3": 0.28167,
    "map_at_5": 0.29545,
    "mrr_at_1": 0.26213,
    "mrr_at_10": 0.35026,
    "mrr_at_100": 0.35924,
    "mrr_at_1000": 0.35988,
    "mrr_at_3": 0.324,
    "mrr_at_5": 0.33697,
    "ndcg_at_1": 0.26213,
    "ndcg_at_10": 0.36409,
    "ndcg_at_100": 0.41725,
    "ndcg_at_1000": 0.4409,
    "ndcg_at_3": 0.31222,
    "ndcg_at_5": 0.3327,
    "precision_at_1": 0.26213,
    "precision_at_10": 0.06325,
    "precision_at_100": 0.01015,
    "precision_at_1000": 0.00131,
    "precision_at_3": 0.14241,
    "precision_at_5": 0.10056,
    "recall_at_1": 0.22412,
    "recall_at_10": 0.49095,
    "recall_at_100": 0.72193,
    "recall_at_1000": 0.88917,
    "recall_at_3": 0.34611,
    "recall_at_5": 0.39881
  }
}