{
  "dataset_revision": "6184bc1440d2dbc7612be22b50686b8826d22b32",
  "mteb_dataset_name": "CQADupstackProgrammersRetrieval",
  "mteb_version": "1.2.0",
  "test": {
    "co2_emissions": 0.013806622066008653,
    "evaluation_time": 224.47,
    "map_at_1": 0.24216,
    "map_at_10": 0.33975,
    "map_at_100": 0.35292,
    "map_at_1000": 0.35399,
    "map_at_3": 0.30942,
    "map_at_5": 0.32644,
    "mrr_at_1": 0.30137,
    "mrr_at_10": 0.39441,
    "mrr_at_100": 0.40364,
    "mrr_at_1000": 0.40408,
    "mrr_at_3": 0.36815,
    "mrr_at_5": 0.3843,
    "ndcg_at_1": 0.30137,
    "ndcg_at_10": 0.39892,
    "ndcg_at_100": 0.45861,
    "ndcg_at_1000": 0.47916,
    "ndcg_at_3": 0.34853,
    "ndcg_at_5": 0.37266,
    "precision_at_1": 0.30137,
    "precision_at_10": 0.07352,
    "precision_at_100": 0.01212,
    "precision_at_1000": 0.00156,
    "precision_at_3": 0.16629,
    "precision_at_5": 0.12009,
    "recall_at_1": 0.24216,
    "recall_at_10": 0.52208,
    "recall_at_100": 0.78051,
    "recall_at_1000": 0.91713,
    "recall_at_3": 0.38459,
    "recall_at_5": 0.44689
  }
}