{
  "dataset_revision": "c0f706b76e590d620bd6618b3ca8efdd34e2d659",
  "mteb_dataset_name": "DBPedia",
  "mteb_version": "1.2.0",
  "test": {
    "co2_emissions": 0.7046698992732787,
    "evaluation_time": 11466.8,
    "map_at_1": 0.07135,
    "map_at_10": 0.14001,
    "map_at_100": 0.18976,
    "map_at_1000": 0.2019,
    "map_at_3": 0.10719,
    "map_at_5": 0.11977,
    "mrr_at_1": 0.475,
    "mrr_at_10": 0.57046,
    "mrr_at_100": 0.57732,
    "mrr_at_1000": 0.57757,
    "mrr_at_3": 0.54667,
    "mrr_at_5": 0.56204,
    "ndcg_at_1": 0.3875,
    "ndcg_at_10": 0.29879,
    "ndcg_at_100": 0.34201,
    "ndcg_at_1000": 0.41742,
    "ndcg_at_3": 0.32968,
    "ndcg_at_5": 0.3116,
    "precision_at_1": 0.475,
    "precision_at_10": 0.226,
    "precision_at_100": 0.07283,
    "precision_at_1000": 0.01442,
    "precision_at_3": 0.35,
    "precision_at_5": 0.2945,
    "recall_at_1": 0.07135,
    "recall_at_10": 0.19213,
    "recall_at_100": 0.40372,
    "recall_at_1000": 0.65238,
    "recall_at_3": 0.11902,
    "recall_at_5": 0.14177
  }
}