{
  "dataset_revision": "4f58c6b202a23cf9a4da393831edf4f9183cad37",
  "mteb_dataset_name": "EmotionClassification",
  "mteb_version": "1.2.0",
  "test": {
    "accuracy": 0.454,
    "accuracy_stderr": 0.03109179956194237,
    "co2_emissions": 0.0003174840562988093,
    "evaluation_time": 6.96,
    "f1": 0.39570416665351393,
    "f1_stderr": 0.017948463906039526,
    "main_score": 0.454
  }
}