{
  "dataset_revision": "bea83ef9e8fb933d90a2f1d5515737465d613e12",
  "mteb_dataset_name": "FEVER",
  "mteb_version": "1.2.0",
  "test": {
    "co2_emissions": 1.3632719075677362,
    "evaluation_time": 22297.9,
    "map_at_1": 0.51353,
    "map_at_10": 0.64013,
    "map_at_100": 0.64501,
    "map_at_1000": 0.64521,
    "map_at_3": 0.614,
    "map_at_5": 0.63049,
    "mrr_at_1": 0.54965,
    "mrr_at_10": 0.67763,
    "mrr_at_100": 0.68134,
    "mrr_at_1000": 0.68139,
    "mrr_at_3": 0.65262,
    "mrr_at_5": 0.66882,
    "ndcg_at_1": 0.54965,
    "ndcg_at_10": 0.7046,
    "ndcg_at_100": 0.72434,
    "ndcg_at_1000": 0.72817,
    "ndcg_at_3": 0.65458,
    "ndcg_at_5": 0.68287,
    "precision_at_1": 0.54965,
    "precision_at_10": 0.09493,
    "precision_at_100": 0.01063,
    "precision_at_1000": 0.00112,
    "precision_at_3": 0.26408,
    "precision_at_5": 0.17438,
    "recall_at_1": 0.51353,
    "recall_at_10": 0.86599,
    "recall_at_100": 0.94915,
    "recall_at_1000": 0.97455,
    "recall_at_3": 0.73267,
    "recall_at_5": 0.80123
  }
}