{
  "dataset_revision": "27a168819829fe9bcd655c2df245fb19452e8e06",
  "mteb_dataset_name": "FiQA2018",
  "mteb_version": "1.2.0",
  "test": {
    "co2_emissions": 0.020702662665741296,
    "evaluation_time": 336.36,
    "map_at_1": 0.18465,
    "map_at_10": 0.30633,
    "map_at_100": 0.32455,
    "map_at_1000": 0.32639,
    "map_at_3": 0.26108,
    "map_at_5": 0.28783,
    "mrr_at_1": 0.36265,
    "mrr_at_10": 0.45377,
    "mrr_at_100": 0.46341,
    "mrr_at_1000": 0.46378,
    "mrr_at_3": 0.43107,
    "mrr_at_5": 0.44288,
    "ndcg_at_1": 0.36265,
    "ndcg_at_10": 0.38353,
    "ndcg_at_100": 0.45333,
    "ndcg_at_1000": 0.48517,
    "ndcg_at_3": 0.34206,
    "ndcg_at_5": 0.35751,
    "precision_at_1": 0.36265,
    "precision_at_10": 0.10926,
    "precision_at_100": 0.01806,
    "precision_at_1000": 0.00238,
    "precision_at_3": 0.22942,
    "precision_at_5": 0.17346,
    "recall_at_1": 0.18465,
    "recall_at_10": 0.45721,
    "recall_at_100": 0.71932,
    "recall_at_1000": 0.91074,
    "recall_at_3": 0.30936,
    "recall_at_5": 0.37527
  }
}