{
  "dataset_revision": "ab518f4d6fcca38d87c25209f94beba119d02014",
  "mteb_dataset_name": "HotpotQA",
  "mteb_version": "1.2.0",
  "test": {
    "co2_emissions": 0.7638653807788823,
    "evaluation_time": 12589.78,
    "map_at_1": 0.37893,
    "map_at_10": 0.61083,
    "map_at_100": 0.61936,
    "map_at_1000": 0.61994,
    "map_at_3": 0.57388,
    "map_at_5": 0.59732,
    "mrr_at_1": 0.75787,
    "mrr_at_10": 0.82564,
    "mrr_at_100": 0.82756,
    "mrr_at_1000": 0.82761,
    "mrr_at_3": 0.81488,
    "mrr_at_5": 0.82199,
    "ndcg_at_1": 0.75787,
    "ndcg_at_10": 0.69613,
    "ndcg_at_100": 0.72584,
    "ndcg_at_1000": 0.73705,
    "ndcg_at_3": 0.64383,
    "ndcg_at_5": 0.67358,
    "precision_at_1": 0.75787,
    "precision_at_10": 0.14781,
    "precision_at_100": 0.0171,
    "precision_at_1000": 0.00186,
    "precision_at_3": 0.41589,
    "precision_at_5": 0.27303,
    "recall_at_1": 0.37893,
    "recall_at_10": 0.73903,
    "recall_at_100": 0.8551,
    "recall_at_1000": 0.92924,
    "recall_at_3": 0.62384,
    "recall_at_5": 0.68258
  }
}