{
  "dataset_revision": "31efe3c427b0bae9c22cbb560b8f15491cc6bed7",
  "mteb_dataset_name": "MassiveIntentClassification",
  "mteb_version": "1.2.0",
  "test": {
    "co2_emissions": 0.000681585447481332,
    "en": {
      "accuracy": 0.6803631472763954,
      "accuracy_stderr": 0.014463488967069334,
      "f1": 0.6499463834290207,
      "f1_stderr": 0.014281697390410223,
      "main_score": 0.6803631472763954
    },
    "evaluation_time": 16.4
  }
}