{
  "dataset_revision": "c5a29a104738b98a9e76336939199e264163d4a0",
  "dev": {
    "co2_emissions": 1.6200805371054374,
    "evaluation_time": 26600.61,
    "map_at_1": 0.23354,
    "map_at_10": 0.35612,
    "map_at_100": 0.36751,
    "map_at_1000": 0.36797,
    "map_at_3": 0.31739,
    "map_at_5": 0.33975,
    "mrr_at_1": 0.23968,
    "mrr_at_10": 0.36141,
    "mrr_at_100": 0.37229,
    "mrr_at_1000": 0.3727,
    "mrr_at_3": 0.32347,
    "mrr_at_5": 0.34553,
    "ndcg_at_1": 0.23968,
    "ndcg_at_10": 0.42452,
    "ndcg_at_100": 0.47902,
    "ndcg_at_1000": 0.49056,
    "ndcg_at_3": 0.34604,
    "ndcg_at_5": 0.38579,
    "precision_at_1": 0.23968,
    "precision_at_10": 0.06636,
    "precision_at_100": 0.00935,
    "precision_at_1000": 0.00104,
    "precision_at_3": 0.1458,
    "precision_at_5": 0.10765,
    "recall_at_1": 0.23354,
    "recall_at_10": 0.63549,
    "recall_at_100": 0.88645,
    "recall_at_1000": 0.97484,
    "recall_at_3": 0.42282,
    "recall_at_5": 0.518
  },
  "mteb_dataset_name": "MSMARCO",
  "mteb_version": "1.2.0"
}