{
  "dataset_revision": "ae001d0e6b1228650b7bd1c2c65fb50ad11a8aba",
  "mteb_dataset_name": "MTOPIntentClassification",
  "mteb_version": "1.2.0",
  "test": {
    "co2_emissions": 0.0007266922910151461,
    "en": {
      "accuracy": 0.6608527131782946,
      "accuracy_stderr": 0.024014442972252154,
      "f1": 0.449890945193682,
      "f1_stderr": 0.012873802332021839,
      "main_score": 0.6608527131782946
    },
    "evaluation_time": 16.55
  }
}