{
  "dataset_revision": "ec0fa4fe99da2ff19ca1214b7966684033a58814",
  "mteb_dataset_name": "NFCorpus",
  "mteb_version": "1.2.0",
  "test": {
    "co2_emissions": 0.002432115160099753,
    "evaluation_time": 39.62,
    "map_at_1": 0.05357,
    "map_at_10": 0.12076,
    "map_at_100": 0.14881,
    "map_at_1000": 0.16213,
    "map_at_3": 0.08952,
    "map_at_5": 0.1042,
    "mrr_at_1": 0.43653,
    "mrr_at_10": 0.52198,
    "mrr_at_100": 0.52817,
    "mrr_at_1000": 0.52869,
    "mrr_at_3": 0.49794,
    "mrr_at_5": 0.51171,
    "ndcg_at_1": 0.4195,
    "ndcg_at_10": 0.32731,
    "ndcg_at_100": 0.29893,
    "ndcg_at_1000": 0.38728,
    "ndcg_at_3": 0.37584,
    "ndcg_at_5": 0.35876,
    "precision_at_1": 0.42724,
    "precision_at_10": 0.23994,
    "precision_at_100": 0.07279,
    "precision_at_1000": 0.02009,
    "precision_at_3": 0.35294,
    "precision_at_5": 0.31269,
    "recall_at_1": 0.05357,
    "recall_at_10": 0.15994,
    "recall_at_100": 0.30933,
    "recall_at_1000": 0.62319,
    "recall_at_3": 0.09866,
    "recall_at_5": 0.12308
  }
}