{
  "dataset_revision": "b774495ed302d8c44a3a7ea25c90dbce03968f31",
  "mteb_dataset_name": "NQ",
  "mteb_version": "1.2.0",
  "test": {
    "co2_emissions": 0.6188503931284167,
    "evaluation_time": 10088.91,
    "map_at_1": 0.32636,
    "map_at_10": 0.47429,
    "map_at_100": 0.48345,
    "map_at_1000": 0.48378,
    "map_at_3": 0.43353,
    "map_at_5": 0.45757,
    "mrr_at_1": 0.36674,
    "mrr_at_10": 0.49968,
    "mrr_at_100": 0.50659,
    "mrr_at_1000": 0.50682,
    "mrr_at_3": 0.4662,
    "mrr_at_5": 0.48722,
    "ndcg_at_1": 0.36645,
    "ndcg_at_10": 0.5477,
    "ndcg_at_100": 0.58656,
    "ndcg_at_1000": 0.59472,
    "ndcg_at_3": 0.47154,
    "ndcg_at_5": 0.51221,
    "precision_at_1": 0.36645,
    "precision_at_10": 0.0887,
    "precision_at_100": 0.01109,
    "precision_at_1000": 0.00119,
    "precision_at_3": 0.21311,
    "precision_at_5": 0.15098,
    "recall_at_1": 0.32636,
    "recall_at_10": 0.74556,
    "recall_at_100": 0.91418,
    "recall_at_1000": 0.97555,
    "recall_at_3": 0.54891,
    "recall_at_5": 0.64347
  }
}