{
  "dataset_revision": null,
  "mteb_dataset_name": "QuoraRetrieval",
  "mteb_version": "1.2.0",
  "test": {
    "co2_emissions": 0.024218144197867657,
    "evaluation_time": 429.16,
    "map_at_1": 0.69495,
    "map_at_10": 0.83271,
    "map_at_100": 0.83948,
    "map_at_1000": 0.83967,
    "map_at_3": 0.80315,
    "map_at_5": 0.82188,
    "mrr_at_1": 0.7997,
    "mrr_at_10": 0.86534,
    "mrr_at_100": 0.86653,
    "mrr_at_1000": 0.86654,
    "mrr_at_3": 0.855,
    "mrr_at_5": 0.86229,
    "ndcg_at_1": 0.7999,
    "ndcg_at_10": 0.87286,
    "ndcg_at_100": 0.88633,
    "ndcg_at_1000": 0.88751,
    "ndcg_at_3": 0.84261,
    "ndcg_at_5": 0.8596,
    "precision_at_1": 0.7999,
    "precision_at_10": 0.13245,
    "precision_at_100": 0.01526,
    "precision_at_1000": 0.00157,
    "precision_at_3": 0.36817,
    "precision_at_5": 0.24288,
    "recall_at_1": 0.69495,
    "recall_at_10": 0.94904,
    "recall_at_100": 0.99463,
    "recall_at_1000": 0.99977,
    "recall_at_3": 0.86304,
    "recall_at_5": 0.91026
  }
}