{
  "dataset_revision": null,
  "mteb_dataset_name": "SCIDOCS",
  "mteb_version": "1.2.0",
  "test": {
    "co2_emissions": 0.013180824230617913,
    "evaluation_time": 214.44,
    "map_at_1": 0.04253,
    "map_at_10": 0.10114,
    "map_at_100": 0.11899,
    "map_at_1000": 0.12199,
    "map_at_3": 0.07255,
    "map_at_5": 0.08567,
    "mrr_at_1": 0.21,
    "mrr_at_10": 0.31032,
    "mrr_at_100": 0.32089,
    "mrr_at_1000": 0.32157,
    "mrr_at_3": 0.279,
    "mrr_at_5": 0.29535,
    "ndcg_at_1": 0.21,
    "ndcg_at_10": 0.17596,
    "ndcg_at_100": 0.24935,
    "ndcg_at_1000": 0.30588,
    "ndcg_at_3": 0.16569,
    "ndcg_at_5": 0.14367,
    "precision_at_1": 0.21,
    "precision_at_10": 0.0918,
    "precision_at_100": 0.01985,
    "precision_at_1000": 0.00335,
    "precision_at_3": 0.15333,
    "precision_at_5": 0.125,
    "recall_at_1": 0.04253,
    "recall_at_10": 0.18548,
    "recall_at_100": 0.40295,
    "recall_at_1000": 0.67997,
    "recall_at_3": 0.09308,
    "recall_at_5": 0.12643
  }
}