{
  "dataset_revision": "0228b52cf27578f30900b9e5271d331663a030d7",
  "mteb_dataset_name": "SciFact",
  "mteb_version": "1.2.0",
  "test": {
    "co2_emissions": 0.003314853633801386,
    "evaluation_time": 53.89,
    "map_at_1": 0.57717,
    "map_at_10": 0.66493,
    "map_at_100": 0.67178,
    "map_at_1000": 0.67203,
    "map_at_3": 0.64735,
    "map_at_5": 0.65752,
    "mrr_at_1": 0.60667,
    "mrr_at_10": 0.68013,
    "mrr_at_100": 0.68536,
    "mrr_at_1000": 0.68558,
    "mrr_at_3": 0.66722,
    "mrr_at_5": 0.67622,
    "ndcg_at_1": 0.60667,
    "ndcg_at_10": 0.70278,
    "ndcg_at_100": 0.73345,
    "ndcg_at_1000": 0.74034,
    "ndcg_at_3": 0.67505,
    "ndcg_at_5": 0.68892,
    "precision_at_1": 0.60667,
    "precision_at_10": 0.09,
    "precision_at_100": 0.01067,
    "precision_at_1000": 0.00113,
    "precision_at_3": 0.26333,
    "precision_at_5": 0.16867,
    "recall_at_1": 0.57717,
    "recall_at_10": 0.80094,
    "recall_at_100": 0.942,
    "recall_at_1000": 0.99667,
    "recall_at_3": 0.72461,
    "recall_at_5": 0.76139
  }
}