{
  "dataset_revision": "ae752c7c21bf194d8b67fd573edf7ae58183cbe3",
  "mteb_dataset_name": "STS15",
  "mteb_version": "1.2.0",
  "test": {
    "co2_emissions": 0.0002553539148720926,
    "cos_sim": {
      "pearson": 0.8816992266114642,
      "spearman": 0.8903451588217495
    },
    "euclidean": {
      "pearson": 0.8802546864566487,
      "spearman": 0.8903450731990824
    },
    "evaluation_time": 4.46,
    "manhattan": {
      "pearson": 0.8801069775450986,
      "spearman": 0.8901399418951869
    }
  }
}