{
  "dataset_revision": "a34f9a33db75fa0cbb21bb5cfc3dae8dc8bec93f",
  "mteb_dataset_name": "Touche2020",
  "mteb_version": "1.2.0",
  "test": {
    "co2_emissions": 0.15918558049702247,
    "evaluation_time": 2585.82,
    "map_at_1": 0.01461,
    "map_at_10": 0.05677,
    "map_at_100": 0.0856,
    "map_at_1000": 0.09707,
    "map_at_3": 0.03148,
    "map_at_5": 0.03855,
    "mrr_at_1": 0.16327,
    "mrr_at_10": 0.28137,
    "mrr_at_100": 0.29555,
    "mrr_at_1000": 0.29567,
    "mrr_at_3": 0.21769,
    "mrr_at_5": 0.26361,
    "ndcg_at_1": 0.15306,
    "ndcg_at_10": 0.14209,
    "ndcg_at_100": 0.22785,
    "ndcg_at_1000": 0.34562,
    "ndcg_at_3": 0.131,
    "ndcg_at_5": 0.13427,
    "precision_at_1": 0.16327,
    "precision_at_10": 0.13673,
    "precision_at_100": 0.04918,
    "precision_at_1000": 0.01239,
    "precision_at_3": 0.14286,
    "precision_at_5": 0.14694,
    "recall_at_1": 0.01461,
    "recall_at_10": 0.10274,
    "recall_at_100": 0.32613,
    "recall_at_1000": 0.68123,
    "recall_at_3": 0.03675,
    "recall_at_5": 0.05583
  }
}