{
  "dataset_revision": "d7c0de2777da35d6aae2200a62c6e0e5af397c4c",
  "mteb_dataset_name": "ToxicConversationsClassification",
  "mteb_version": "1.2.0",
  "test": {
    "accuracy": 0.6930400000000001,
    "accuracy_stderr": 0.04734351148784804,
    "ap": 0.1370014000228754,
    "ap_stderr": 0.013099875011833928,
    "co2_emissions": 0.008258672411596085,
    "evaluation_time": 138.68,
    "f1": 0.5343661371040056,
    "f1_stderr": 0.030486779716403158,
    "main_score": 0.6930400000000001
  }
}