{
  "dataset_revision": null,
  "mteb_dataset_name": "TRECCOVID",
  "mteb_version": "1.2.0",
  "test": {
    "co2_emissions": 0.08144963938306944,
    "evaluation_time": 1321.28,
    "map_at_1": 0.00175,
    "map_at_10": 0.01017,
    "map_at_100": 0.05083,
    "map_at_1000": 0.14222,
    "map_at_3": 0.00412,
    "map_at_5": 0.00633,
    "mrr_at_1": 0.7,
    "mrr_at_10": 0.79536,
    "mrr_at_100": 0.79536,
    "mrr_at_1000": 0.79536,
    "mrr_at_3": 0.76667,
    "mrr_at_5": 0.78467,
    "ndcg_at_1": 0.64,
    "ndcg_at_10": 0.50949,
    "ndcg_at_100": 0.37231,
    "ndcg_at_1000": 0.38072,
    "ndcg_at_3": 0.56682,
    "ndcg_at_5": 0.56347,
    "precision_at_1": 0.7,
    "precision_at_10": 0.53,
    "precision_at_100": 0.3774,
    "precision_at_1000": 0.17526,
    "precision_at_3": 0.60667,
    "precision_at_5": 0.604,
    "recall_at_1": 0.00175,
    "recall_at_10": 0.01292,
    "recall_at_100": 0.08641,
    "recall_at_1000": 0.37153,
    "recall_at_3": 0.00451,
    "recall_at_5": 0.00748
  }
}