{
  "dataset_revision": "d604517c81ca91fe16a244d1248fc021f9ecee7a",
  "mteb_dataset_name": "TweetSentimentExtractionClassification",
  "mteb_version": "1.2.0",
  "test": {
    "accuracy": 0.6100452744765139,
    "accuracy_stderr": 0.01659994735820061,
    "co2_emissions": 0.0003963630274386079,
    "evaluation_time": 8.37,
    "f1": 0.6094701626627822,
    "f1_stderr": 0.017210191459785057,
    "main_score": 0.6100452744765139
  }
}