{
  "dataset_revision": "8b6510b0b1fa4e4c4f879467980e9be563ec1cdf",
  "mteb_dataset_name": "TwitterURLCorpus",
  "mteb_version": "1.2.0",
  "test": {
    "co2_emissions": 0.003030676464856426,
    "cos_sim": {
      "accuracy": 0.8915085186478829,
      "accuracy_threshold": 0.8883163928985596,
      "ap": 0.8603555377186032,
      "f1": 0.7891175944156077,
      "f1_threshold": 0.8741196393966675,
      "precision": 0.737405499431324,
      "recall": 0.848629504157684
    },
    "dot": {
      "accuracy": 0.8915085186478829,
      "accuracy_threshold": 0.8883163928985596,
      "ap": 0.8603555718170242,
      "f1": 0.7891175944156077,
      "f1_threshold": 0.8741195797920227,
      "precision": 0.737405499431324,
      "recall": 0.848629504157684
    },
    "euclidean": {
      "accuracy": 0.8915085186478829,
      "accuracy_threshold": 0.47261738777160645,
      "ap": 0.860355600090681,
      "f1": 0.7891175944156077,
      "f1_threshold": 0.5017577409744263,
      "precision": 0.737405499431324,
      "recall": 0.848629504157684
    },
    "evaluation_time": 54.2,
    "manhattan": {
      "accuracy": 0.89119804400978,
      "accuracy_threshold": 12.019591331481934,
      "ap": 0.8600839958588185,
      "f1": 0.7883896503701532,
      "f1_threshold": 12.600050926208496,
      "precision": 0.7522730451811442,
      "recall": 0.8281490606713889
    },
    "max": {
      "accuracy": 0.8915085186478829,
      "ap": 0.860355600090681,
      "f1": 0.7891175944156077
    }
  }
}