{
  "dataset_revision": "1399c76144fd37290681b995c656ef9b2e06e26d",
  "mteb_dataset_name": "AmazonReviewsClassification",
  "mteb_version": "1.2.0",
  "test": {
    "co2_emissions": 0.007683070709539799,
    "en": {
      "accuracy": 0.49993999999999994,
      "accuracy_stderr": 0.012553899792494744,
      "f1": 0.47417385423551217,
      "f1_stderr": 0.01694935738360737,
      "main_score": 0.49993999999999994
    },
    "evaluation_time": 126.21
  }
}