{
  "dataset_revision": "c22ab2a51041ffd869aaddef7af8d8215647e41a",
  "mteb_dataset_name": "ArguAna",
  "mteb_version": "1.2.0",
  "test": {
    "co2_emissions": 0.04539236418634264,
    "evaluation_time": 735.83,
    "map_at_1": 0.1522,
    "map_at_10": 0.3047,
    "map_at_100": 0.31908,
    "map_at_1000": 0.31918,
    "map_at_3": 0.24917,
    "map_at_5": 0.2789,
    "mrr_at_1": 0.16003,
    "mrr_at_10": 0.30785,
    "mrr_at_100": 0.3223,
    "mrr_at_1000": 0.3224,
    "mrr_at_3": 0.25213,
    "mrr_at_5": 0.28215,
    "ndcg_at_1": 0.1522,
    "ndcg_at_10": 0.39847,
    "ndcg_at_100": 0.46068,
    "ndcg_at_1000": 0.46325,
    "ndcg_at_3": 0.28275,
    "ndcg_at_5": 0.33634,
    "precision_at_1": 0.1522,
    "precision_at_10": 0.0702,
    "precision_at_100": 0.00976,
    "precision_at_1000": 0.001,
    "precision_at_3": 0.12684,
    "precision_at_5": 0.10213,
    "recall_at_1": 0.1522,
    "recall_at_10": 0.70199,
    "recall_at_100": 0.97582,
    "recall_at_1000": 0.99573,
    "recall_at_3": 0.38051,
    "recall_at_5": 0.51067
  }
}