{
  "dataset_revision": "0fd18e25b25c072e09e0d92ab615fda904d66300",
  "mteb_dataset_name": "Banking77Classification",
  "mteb_version": "1.2.0",
  "test": {
    "accuracy": 0.826461038961039,
    "accuracy_stderr": 0.007909360134457737,
    "co2_emissions": 0.004014140341064613,
    "evaluation_time": 67.0,
    "f1": 0.8198489997118669,
    "f1_stderr": 0.008003137194534828,
    "main_score": 0.826461038961039
  }
}