{
  "dataset_revision": "47f2ac6acb640fc46020b02a5b59fdda04d39380",
  "mteb_dataset_name": "ClimateFEVER",
  "mteb_version": "1.2.0",
  "test": {
    "co2_emissions": 17.42491393944507,
    "evaluation_time": 282529.29,
    "map_at_1": 0.05824,
    "map_at_10": 0.09793,
    "map_at_100": 0.10852,
    "map_at_1000": 0.11049,
    "map_at_3": 0.08127,
    "map_at_5": 0.08956,
    "mrr_at_1": 0.12834,
    "mrr_at_10": 0.20138,
    "mrr_at_100": 0.21215,
    "mrr_at_1000": 0.21308,
    "mrr_at_3": 0.1759,
    "mrr_at_5": 0.18928,
    "ndcg_at_1": 0.12834,
    "ndcg_at_10": 0.14629,
    "ndcg_at_100": 0.20115,
    "ndcg_at_1000": 0.24453,
    "ndcg_at_3": 0.11449,
    "ndcg_at_5": 0.12532,
    "precision_at_1": 0.12834,
    "precision_at_10": 0.04678,
    "precision_at_100": 0.01052,
    "precision_at_1000": 0.00182,
    "precision_at_3": 0.08512,
    "precision_at_5": 0.0671,
    "recall_at_1": 0.05824,
    "recall_at_10": 0.18381,
    "recall_at_100": 0.3841,
    "recall_at_1000": 0.63646,
    "recall_at_3": 0.10637,
    "recall_at_5": 0.13556
  }
}