{
  "dataset_revision": "4ffe81d471b1924886b33c7567bfb200e9eec5c4",
  "mteb_dataset_name": "CQADupstackWordpressRetrieval",
  "mteb_version": "1.2.0",
  "test": {
    "co2_emissions": 0.21421312367115283,
    "evaluation_time": 3475.5,
    "map_at_1": 0.21103,
    "map_at_10": 0.3067,
    "map_at_100": 0.31803,
    "map_at_1000": 0.31909,
    "map_at_3": 0.2772,
    "map_at_5": 0.29266,
    "mrr_at_1": 0.2366,
    "mrr_at_10": 0.32908,
    "mrr_at_100": 0.33878,
    "mrr_at_1000": 0.33947,
    "mrr_at_3": 0.30191,
    "mrr_at_5": 0.31559,
    "ndcg_at_1": 0.2366,
    "ndcg_at_10": 0.36305,
    "ndcg_at_100": 0.41511,
    "ndcg_at_1000": 0.43795,
    "ndcg_at_3": 0.30569,
    "ndcg_at_5": 0.3308,
    "precision_at_1": 0.2366,
    "precision_at_10": 0.06044,
    "precision_at_100": 0.00922,
    "precision_at_1000": 0.00123,
    "precision_at_3": 0.13555,
    "precision_at_5": 0.09686,
    "recall_at_1": 0.21103,
    "recall_at_10": 0.51475,
    "recall_at_100": 0.75093,
    "recall_at_1000": 0.91581,
    "recall_at_3": 0.35896,
    "recall_at_5": 0.41919
  }
}