{
  "dataset_revision": "6184bc1440d2dbc7612be22b50686b8826d22b32",
  "mteb_dataset_name": "CQADupstackProgrammersRetrieval",
  "mteb_version": "1.2.0",
  "test": {
    "co2_emissions": 0.14372965674508872,
    "evaluation_time": 2331.5,
    "map_at_1": 0.28819,
    "map_at_10": 0.40979,
    "map_at_100": 0.42385,
    "map_at_1000": 0.4248,
    "map_at_3": 0.36811,
    "map_at_5": 0.3935,
    "mrr_at_1": 0.36073,
    "mrr_at_10": 0.46558,
    "mrr_at_100": 0.47368,
    "mrr_at_1000": 0.47407,
    "mrr_at_3": 0.43322,
    "mrr_at_5": 0.4536,
    "ndcg_at_1": 0.36073,
    "ndcg_at_10": 0.47928,
    "ndcg_at_100": 0.53497,
    "ndcg_at_1000": 0.5518,
    "ndcg_at_3": 0.41312,
    "ndcg_at_5": 0.44723,
    "precision_at_1": 0.36073,
    "precision_at_10": 0.09167,
    "precision_at_100": 0.0138,
    "precision_at_1000": 0.00172,
    "precision_at_3": 0.20167,
    "precision_at_5": 0.15046,
    "recall_at_1": 0.28819,
    "recall_at_10": 0.62894,
    "recall_at_100": 0.86553,
    "recall_at_1000": 0.97402,
    "recall_at_3": 0.44587,
    "recall_at_5": 0.5341
  }
}