{
  "dataset_revision": "46989137a86843e03a6195de44b09deda022eec7",
  "mteb_dataset_name": "CQADupstackTexRetrieval",
  "mteb_version": "1.2.0",
  "test": {
    "co2_emissions": 0.321165804021064,
    "evaluation_time": 5211.71,
    "map_at_1": 0.18997,
    "map_at_10": 0.27079,
    "map_at_100": 0.28355,
    "map_at_1000": 0.28482,
    "map_at_3": 0.24555,
    "map_at_5": 0.25917,
    "mrr_at_1": 0.23365,
    "mrr_at_10": 0.31156,
    "mrr_at_100": 0.32128,
    "mrr_at_1000": 0.32205,
    "mrr_at_3": 0.2882,
    "mrr_at_5": 0.30114,
    "ndcg_at_1": 0.23365,
    "ndcg_at_10": 0.32104,
    "ndcg_at_100": 0.37785,
    "ndcg_at_1000": 0.40589,
    "ndcg_at_3": 0.27672,
    "ndcg_at_5": 0.29649,
    "precision_at_1": 0.23365,
    "precision_at_10": 0.05929,
    "precision_at_100": 0.01038,
    "precision_at_1000": 0.00145,
    "precision_at_3": 0.13271,
    "precision_at_5": 0.09573,
    "recall_at_1": 0.18997,
    "recall_at_10": 0.43151,
    "recall_at_100": 0.6821,
    "recall_at_1000": 0.88172,
    "recall_at_3": 0.30431,
    "recall_at_5": 0.35667
  }
}