{
  "dataset_revision": "160c094312a0e1facb97e55eeddb698c0abe3571",
  "mteb_dataset_name": "CQADupstackWebmastersRetrieval",
  "mteb_version": "1.2.0",
  "test": {
    "co2_emissions": 0.0704423373450096,
    "evaluation_time": 1142.49,
    "map_at_1": 0.27677,
    "map_at_10": 0.38686,
    "map_at_100": 0.40369,
    "map_at_1000": 0.40596,
    "map_at_3": 0.34846,
    "map_at_5": 0.3695,
    "mrr_at_1": 0.33597,
    "mrr_at_10": 0.4364,
    "mrr_at_100": 0.44513,
    "mrr_at_1000": 0.44562,
    "mrr_at_3": 0.40547,
    "mrr_at_5": 0.42286,
    "ndcg_at_1": 0.33597,
    "ndcg_at_10": 0.45665,
    "ndcg_at_100": 0.51091,
    "ndcg_at_1000": 0.53269,
    "ndcg_at_3": 0.39363,
    "ndcg_at_5": 0.42474,
    "precision_at_1": 0.33597,
    "precision_at_10": 0.08814,
    "precision_at_100": 0.01737,
    "precision_at_1000": 0.00255,
    "precision_at_3": 0.18314,
    "precision_at_5": 0.13913,
    "recall_at_1": 0.27677,
    "recall_at_10": 0.59705,
    "recall_at_100": 0.82639,
    "recall_at_1000": 0.96637,
    "recall_at_3": 0.42464,
    "recall_at_5": 0.49925
  }
}