{
  "dataset_revision": "79531abbd1fb92d06c6d6315a0cbbbf5bb247ea4",
  "mteb_dataset_name": "CQADupstackPhysicsRetrieval",
  "mteb_version": "1.2.0",
  "test": {
    "co2_emissions": 0.17266145145343934,
    "evaluation_time": 2800.85,
    "map_at_1": 0.30347,
    "map_at_10": 0.41408,
    "map_at_100": 0.4284,
    "map_at_1000": 0.42946,
    "map_at_3": 0.38235,
    "map_at_5": 0.39926,
    "mrr_at_1": 0.37632,
    "mrr_at_10": 0.47582,
    "mrr_at_100": 0.48405,
    "mrr_at_1000": 0.48446,
    "mrr_at_3": 0.45268,
    "mrr_at_5": 0.46505,
    "ndcg_at_1": 0.37632,
    "ndcg_at_10": 0.47724,
    "ndcg_at_100": 0.53241,
    "ndcg_at_1000": 0.55155,
    "ndcg_at_3": 0.42794,
    "ndcg_at_5": 0.44923,
    "precision_at_1": 0.37632,
    "precision_at_10": 0.08672,
    "precision_at_100": 0.01339,
    "precision_at_1000": 0.00169,
    "precision_at_3": 0.20436,
    "precision_at_5": 0.14302,
    "recall_at_1": 0.30347,
    "recall_at_10": 0.60505,
    "recall_at_100": 0.82856,
    "recall_at_1000": 0.95177,
    "recall_at_3": 0.46039,
    "recall_at_5": 0.51917
  }
}