{
  "dataset_revision": "5003b3064772da1887988e05400cf3806fe491f2",
  "mteb_dataset_name": "CQADupstackGisRetrieval",
  "mteb_version": "1.2.0",
  "test": {
    "co2_emissions": 0.16173005857038353,
    "evaluation_time": 2623.83,
    "map_at_1": 0.26492,
    "map_at_10": 0.36043,
    "map_at_100": 0.37159,
    "map_at_1000": 0.37239,
    "map_at_3": 0.32923,
    "map_at_5": 0.34868,
    "mrr_at_1": 0.28814,
    "mrr_at_10": 0.38135,
    "mrr_at_100": 0.3905,
    "mrr_at_1000": 0.39109,
    "mrr_at_3": 0.35141,
    "mrr_at_5": 0.36927,
    "ndcg_at_1": 0.28814,
    "ndcg_at_10": 0.41551,
    "ndcg_at_100": 0.46664,
    "ndcg_at_1000": 0.48699,
    "ndcg_at_3": 0.35425,
    "ndcg_at_5": 0.38731,
    "precision_at_1": 0.28814,
    "precision_at_10": 0.06475,
    "precision_at_100": 0.00953,
    "precision_at_1000": 0.00117,
    "precision_at_3": 0.14915,
    "precision_at_5": 0.10847,
    "recall_at_1": 0.26492,
    "recall_at_10": 0.56565,
    "recall_at_100": 0.79358,
    "recall_at_1000": 0.94691,
    "recall_at_3": 0.40281,
    "recall_at_5": 0.48192
  }
}