{
  "dataset_revision": "6c6430d3a6d36f8d2a829195bc5dc94d7e063e53",
  "mteb_dataset_name": "CQADupstackUnixRetrieval",
  "mteb_version": "1.2.0",
  "test": {
    "co2_emissions": 0.2047200792920892,
    "evaluation_time": 3322.34,
    "map_at_1": 0.29995,
    "map_at_10": 0.4073,
    "map_at_100": 0.4209,
    "map_at_1000": 0.42176,
    "map_at_3": 0.37368,
    "map_at_5": 0.39407,
    "mrr_at_1": 0.35634,
    "mrr_at_10": 0.4518,
    "mrr_at_100": 0.4609,
    "mrr_at_1000": 0.46135,
    "mrr_at_3": 0.42677,
    "mrr_at_5": 0.44202,
    "ndcg_at_1": 0.35634,
    "ndcg_at_10": 0.46611,
    "ndcg_at_100": 0.5226,
    "ndcg_at_1000": 0.54088,
    "ndcg_at_3": 0.4115,
    "ndcg_at_5": 0.43969,
    "precision_at_1": 0.35634,
    "precision_at_10": 0.08041,
    "precision_at_100": 0.01207,
    "precision_at_1000": 0.00147,
    "precision_at_3": 0.1903,
    "precision_at_5": 0.13526,
    "recall_at_1": 0.29995,
    "recall_at_10": 0.59771,
    "recall_at_100": 0.83902,
    "recall_at_1000": 0.96412,
    "recall_at_3": 0.4493,
    "recall_at_5": 0.52115
  }
}