{
  "dataset_revision": "f46a197baaae43b4f621051089b82a364682dfeb",
  "mteb_dataset_name": "CQADupstackAndroidRetrieval",
  "mteb_version": "1.2.0",
  "test": {
    "co2_emissions": 0.08046751185560826,
    "evaluation_time": 1305.82,
    "map_at_1": 0.34284,
    "map_at_10": 0.48051,
    "map_at_100": 0.4986,
    "map_at_1000": 0.49974,
    "map_at_3": 0.44321,
    "map_at_5": 0.46473,
    "mrr_at_1": 0.42203,
    "mrr_at_10": 0.54161,
    "mrr_at_100": 0.54884,
    "mrr_at_1000": 0.5492,
    "mrr_at_3": 0.51812,
    "mrr_at_5": 0.53422,
    "ndcg_at_1": 0.42203,
    "ndcg_at_10": 0.55071,
    "ndcg_at_100": 0.6053,
    "ndcg_at_1000": 0.61942,
    "ndcg_at_3": 0.50312,
    "ndcg_at_5": 0.527,
    "precision_at_1": 0.42203,
    "precision_at_10": 0.1073,
    "precision_at_100": 0.01687,
    "precision_at_1000": 0.00211,
    "precision_at_3": 0.24654,
    "precision_at_5": 0.17768,
    "recall_at_1": 0.34284,
    "recall_at_10": 0.68035,
    "recall_at_100": 0.89922,
    "recall_at_1000": 0.9829,
    "recall_at_3": 0.5398,
    "recall_at_5": 0.60764
  }
}