{
  "dataset_revision": "ad9991cb51e31e31e430383c75ffb2885547b5f0",
  "mteb_dataset_name": "CQADupstackEnglishRetrieval",
  "mteb_version": "1.2.0",
  "test": {
    "co2_emissions": 0.12834233629440508,
    "evaluation_time": 2082.77,
    "map_at_1": 0.32619,
    "map_at_10": 0.43703,
    "map_at_100": 0.45024,
    "map_at_1000": 0.45153,
    "map_at_3": 0.40633,
    "map_at_5": 0.42407,
    "mrr_at_1": 0.41401,
    "mrr_at_10": 0.49644,
    "mrr_at_100": 0.50296,
    "mrr_at_1000": 0.5034,
    "mrr_at_3": 0.47431,
    "mrr_at_5": 0.48667,
    "ndcg_at_1": 0.41401,
    "ndcg_at_10": 0.49418,
    "ndcg_at_100": 0.53914,
    "ndcg_at_1000": 0.55939,
    "ndcg_at_3": 0.4526,
    "ndcg_at_5": 0.47168,
    "precision_at_1": 0.41401,
    "precision_at_10": 0.09299,
    "precision_at_100": 0.015,
    "precision_at_1000": 0.00197,
    "precision_at_3": 0.22059,
    "precision_at_5": 0.15439,
    "recall_at_1": 0.32619,
    "recall_at_10": 0.59362,
    "recall_at_100": 0.78388,
    "recall_at_1000": 0.91094,
    "recall_at_3": 0.46768,
    "recall_at_5": 0.5243
  }
}