{
  "dataset_revision": "4885aa143210c98657558c04aaf3dc47cfb54340",
  "mteb_dataset_name": "CQADupstackGamingRetrieval",
  "mteb_version": "1.2.0",
  "test": {
    "co2_emissions": 0.1392972386565698,
    "evaluation_time": 2260.19,
    "map_at_1": 0.42784,
    "map_at_10": 0.56955,
    "map_at_100": 0.57986,
    "map_at_1000": 0.58024,
    "map_at_3": 0.53352,
    "map_at_5": 0.55391,
    "mrr_at_1": 0.48903,
    "mrr_at_10": 0.60517,
    "mrr_at_100": 0.61103,
    "mrr_at_1000": 0.61117,
    "mrr_at_3": 0.57983,
    "mrr_at_5": 0.59406,
    "ndcg_at_1": 0.48903,
    "ndcg_at_10": 0.63464,
    "ndcg_at_100": 0.67187,
    "ndcg_at_1000": 0.67826,
    "ndcg_at_3": 0.57608,
    "ndcg_at_5": 0.60404,
    "precision_at_1": 0.48903,
    "precision_at_10": 0.10245,
    "precision_at_100": 0.01307,
    "precision_at_1000": 0.00139,
    "precision_at_3": 0.25831,
    "precision_at_5": 0.17643,
    "recall_at_1": 0.42784,
    "recall_at_10": 0.79054,
    "recall_at_100": 0.94572,
    "recall_at_1000": 0.98897,
    "recall_at_3": 0.63341,
    "recall_at_5": 0.70264
  }
}