{
  "dataset_revision": "65ac3a16b8e91f9cee4c9828cc7c335575432a2a",
  "mteb_dataset_name": "CQADupstackStatsRetrieval",
  "mteb_version": "1.2.0",
  "test": {
    "co2_emissions": 0.20451879473053822,
    "evaluation_time": 3317.56,
    "map_at_1": 0.24308,
    "map_at_10": 0.31873,
    "map_at_100": 0.32857,
    "map_at_1000": 0.32952,
    "map_at_3": 0.29724,
    "map_at_5": 0.31022,
    "mrr_at_1": 0.28067,
    "mrr_at_10": 0.35076,
    "mrr_at_100": 0.35886,
    "mrr_at_1000": 0.35957,
    "mrr_at_3": 0.33103,
    "mrr_at_5": 0.34315,
    "ndcg_at_1": 0.28067,
    "ndcg_at_10": 0.36229,
    "ndcg_at_100": 0.4109,
    "ndcg_at_1000": 0.43498,
    "ndcg_at_3": 0.32406,
    "ndcg_at_5": 0.34405,
    "precision_at_1": 0.28067,
    "precision_at_10": 0.05721,
    "precision_at_100": 0.00893,
    "precision_at_1000": 0.00117,
    "precision_at_3": 0.14213,
    "precision_at_5": 0.09939,
    "recall_at_1": 0.24308,
    "recall_at_10": 0.46524,
    "recall_at_100": 0.68864,
    "recall_at_1000": 0.8669,
    "recall_at_3": 0.35783,
    "recall_at_5": 0.40793
  }
}