{
  "dataset_revision": "90fceea13679c63fe563ded68f3b6f06e50061de",
  "mteb_dataset_name": "CQADupstackMathematicaRetrieval",
  "mteb_version": "1.2.0",
  "test": {
    "co2_emissions": 0.08246953445918424,
    "evaluation_time": 1337.93,
    "map_at_1": 0.18352,
    "map_at_10": 0.28093,
    "map_at_100": 0.2948,
    "map_at_1000": 0.29598,
    "map_at_3": 0.25241,
    "map_at_5": 0.26979,
    "mrr_at_1": 0.22761,
    "mrr_at_10": 0.32622,
    "mrr_at_100": 0.33683,
    "mrr_at_1000": 0.33745,
    "mrr_at_3": 0.29975,
    "mrr_at_5": 0.3158,
    "ndcg_at_1": 0.22761,
    "ndcg_at_10": 0.33788,
    "ndcg_at_100": 0.40014,
    "ndcg_at_1000": 0.42562,
    "ndcg_at_3": 0.28758,
    "ndcg_at_5": 0.31397,
    "precision_at_1": 0.22761,
    "precision_at_10": 0.06256,
    "precision_at_100": 0.01086,
    "precision_at_1000": 0.00142,
    "precision_at_3": 0.14055,
    "precision_at_5": 0.10348,
    "recall_at_1": 0.18352,
    "recall_at_10": 0.467,
    "recall_at_100": 0.73034,
    "recall_at_1000": 0.90859,
    "recall_at_3": 0.32918,
    "recall_at_5": 0.3956
  }
}