{
  "dataset_revision": "4f58c6b202a23cf9a4da393831edf4f9183cad37",
  "mteb_dataset_name": "EmotionClassification",
  "mteb_version": "1.2.0",
  "test": {
    "accuracy": 0.52625,
    "accuracy_stderr": 0.024899046166469926,
    "co2_emissions": 0.0023914923906096304,
    "evaluation_time": 42.73,
    "f1": 0.4598081282499078,
    "f1_stderr": 0.013915044138179365,
    "main_score": 0.52625
  }
}