{
  "dataset_revision": "bea83ef9e8fb933d90a2f1d5515737465d613e12",
  "mteb_dataset_name": "FEVER",
  "mteb_version": "1.2.0",
  "test": {
    "co2_emissions": 17.443297959161132,
    "evaluation_time": 282822.8,
    "map_at_1": 0.34238,
    "map_at_10": 0.45321,
    "map_at_100": 0.46092,
    "map_at_1000": 0.46139,
    "map_at_3": 0.42807,
    "map_at_5": 0.44306,
    "mrr_at_1": 0.37069,
    "mrr_at_10": 0.48355,
    "mrr_at_100": 0.49052,
    "mrr_at_1000": 0.49092,
    "mrr_at_3": 0.45925,
    "mrr_at_5": 0.4739,
    "ndcg_at_1": 0.37069,
    "ndcg_at_10": 0.51201,
    "ndcg_at_100": 0.54832,
    "ndcg_at_1000": 0.56096,
    "ndcg_at_3": 0.46271,
    "ndcg_at_5": 0.4885,
    "precision_at_1": 0.37069,
    "precision_at_10": 0.07312,
    "precision_at_100": 0.00923,
    "precision_at_1000": 0.00105,
    "precision_at_3": 0.19332,
    "precision_at_5": 0.12994,
    "recall_at_1": 0.34238,
    "recall_at_10": 0.66458,
    "recall_at_100": 0.8307,
    "recall_at_1000": 0.92738,
    "recall_at_3": 0.53119,
    "recall_at_5": 0.5939
  }
}