{
  "dataset_revision": "27a168819829fe9bcd655c2df245fb19452e8e06",
  "mteb_dataset_name": "FiQA2018",
  "mteb_version": "1.2.0",
  "test": {
    "co2_emissions": 0.23522593166760694,
    "evaluation_time": 3816.38,
    "map_at_1": 0.23572,
    "map_at_10": 0.38117,
    "map_at_100": 0.40329,
    "map_at_1000": 0.40479,
    "map_at_3": 0.33117,
    "map_at_5": 0.36,
    "mrr_at_1": 0.46451,
    "mrr_at_10": 0.55452,
    "mrr_at_100": 0.56156,
    "mrr_at_1000": 0.56184,
    "mrr_at_3": 0.52958,
    "mrr_at_5": 0.54432,
    "ndcg_at_1": 0.46451,
    "ndcg_at_10": 0.46677,
    "ndcg_at_100": 0.53896,
    "ndcg_at_1000": 0.56345,
    "ndcg_at_3": 0.42532,
    "ndcg_at_5": 0.44028,
    "precision_at_1": 0.46451,
    "precision_at_10": 0.13071,
    "precision_at_100": 0.02074,
    "precision_at_1000": 0.00248,
    "precision_at_3": 0.28549,
    "precision_at_5": 0.21173,
    "recall_at_1": 0.23572,
    "recall_at_10": 0.53701,
    "recall_at_100": 0.79955,
    "recall_at_1000": 0.95089,
    "recall_at_3": 0.3777,
    "recall_at_5": 0.44969
  }
}