{
  "dataset_revision": "ab518f4d6fcca38d87c25209f94beba119d02014",
  "mteb_dataset_name": "HotpotQA",
  "mteb_version": "1.2.0",
  "test": {
    "co2_emissions": 11.945051524038954,
    "evaluation_time": 193963.28,
    "map_at_1": 0.22309,
    "map_at_10": 0.34004,
    "map_at_100": 0.351,
    "map_at_1000": 0.35205,
    "map_at_3": 0.30926,
    "map_at_5": 0.32732,
    "mrr_at_1": 0.44619,
    "mrr_at_10": 0.5321,
    "mrr_at_100": 0.53829,
    "mrr_at_1000": 0.53869,
    "mrr_at_3": 0.51152,
    "mrr_at_5": 0.52377,
    "ndcg_at_1": 0.44619,
    "ndcg_at_10": 0.42142,
    "ndcg_at_100": 0.46728,
    "ndcg_at_1000": 0.4909,
    "ndcg_at_3": 0.36992,
    "ndcg_at_5": 0.3966,
    "precision_at_1": 0.44619,
    "precision_at_10": 0.09437,
    "precision_at_100": 0.01308,
    "precision_at_1000": 0.00162,
    "precision_at_3": 0.23799,
    "precision_at_5": 0.16389,
    "recall_at_1": 0.22309,
    "recall_at_10": 0.47184,
    "recall_at_100": 0.65422,
    "recall_at_1000": 0.81148,
    "recall_at_3": 0.35699,
    "recall_at_5": 0.40972
  }
}