{
  "dataset_revision": "31efe3c427b0bae9c22cbb560b8f15491cc6bed7",
  "mteb_dataset_name": "MassiveIntentClassification",
  "mteb_version": "1.2.0",
  "test": {
    "co2_emissions": 0.0026693294335699545,
    "en": {
      "accuracy": 0.7364492266308003,
      "accuracy_stderr": 0.017801946269096796,
      "f1": 0.7104561759384012,
      "f1_stderr": 0.015678316060071997,
      "main_score": 0.7364492266308003
    },
    "evaluation_time": 45.06
  }
}