{
  "dataset_revision": "7d571f92784cd94a019292a1f45445077d0ef634",
  "mteb_dataset_name": "MassiveScenarioClassification",
  "mteb_version": "1.2.0",
  "test": {
    "co2_emissions": 0.001596700630758169,
    "en": {
      "accuracy": 0.746301277740417,
      "accuracy_stderr": 0.019018800598648054,
      "f1": 0.7405288673815078,
      "f1_stderr": 0.019075287462724824,
      "main_score": 0.746301277740417
    },
    "evaluation_time": 27.06
  }
}