{
  "dataset_revision": "c5a29a104738b98a9e76336939199e264163d4a0",
  "dev": {
    "co2_emissions": 24.06045801304594,
    "evaluation_time": 390423.87,
    "map_at_1": 0.1227,
    "map_at_10": 0.21822,
    "map_at_100": 0.23189,
    "map_at_1000": 0.23269,
    "map_at_3": 0.18329,
    "map_at_5": 0.20271,
    "mrr_at_1": 0.12679,
    "mrr_at_10": 0.22271,
    "mrr_at_100": 0.23609,
    "mrr_at_1000": 0.23683,
    "mrr_at_3": 0.18799,
    "mrr_at_5": 0.20733,
    "ndcg_at_1": 0.12679,
    "ndcg_at_10": 0.27678,
    "ndcg_at_100": 0.34574,
    "ndcg_at_1000": 0.36636,
    "ndcg_at_3": 0.20478,
    "ndcg_at_5": 0.23964,
    "precision_at_1": 0.12679,
    "precision_at_10": 0.04794,
    "precision_at_100": 0.00828,
    "precision_at_1000": 0.001,
    "precision_at_3": 0.09069,
    "precision_at_5": 0.07195,
    "recall_at_1": 0.1227,
    "recall_at_10": 0.45983,
    "recall_at_100": 0.78546,
    "recall_at_1000": 0.94444,
    "recall_at_3": 0.26251,
    "recall_at_5": 0.34659
  },
  "mteb_dataset_name": "MSMARCO",
  "mteb_version": "1.2.0"
}