{
  "dataset_revision": "ae001d0e6b1228650b7bd1c2c65fb50ad11a8aba",
  "mteb_dataset_name": "MTOPIntentClassification",
  "mteb_version": "1.2.0",
  "test": {
    "co2_emissions": 0.0038835723402129703,
    "en": {
      "accuracy": 0.6779525763793889,
      "accuracy_stderr": 0.012137236151222799,
      "f1": 0.4968934196245159,
      "f1_stderr": 0.01074101067470104,
      "main_score": 0.6779525763793889
    },
    "evaluation_time": 64.92
  }
}