{
  "dataset_revision": "d80d48c1eb48d3562165c59d59d0034df9fff0bf",
  "mteb_dataset_name": "MTOPDomainClassification",
  "mteb_version": "1.2.0",
  "test": {
    "co2_emissions": 0.00174482726442526,
    "en": {
      "accuracy": 0.922640218878249,
      "accuracy_stderr": 0.005800347087323773,
      "f1": 0.9223233015395417,
      "f1_stderr": 0.004238916464256385,
      "main_score": 0.922640218878249
    },
    "evaluation_time": 29.26
  }
}