{
  "dataset_revision": "ec0fa4fe99da2ff19ca1214b7966684033a58814",
  "mteb_dataset_name": "NFCorpus",
  "mteb_version": "1.2.0",
  "test": {
    "co2_emissions": 0.018858425324863298,
    "evaluation_time": 305.98,
    "map_at_1": 0.05929,
    "map_at_10": 0.13113,
    "map_at_100": 0.16725,
    "map_at_1000": 0.18321,
    "map_at_3": 0.09443,
    "map_at_5": 0.10943,
    "mrr_at_1": 0.47368,
    "mrr_at_10": 0.55953,
    "mrr_at_100": 0.56576,
    "mrr_at_1000": 0.5661,
    "mrr_at_3": 0.5387,
    "mrr_at_5": 0.5517,
    "ndcg_at_1": 0.44427,
    "ndcg_at_10": 0.35077,
    "ndcg_at_100": 0.32958,
    "ndcg_at_1000": 0.41905,
    "ndcg_at_3": 0.39895,
    "ndcg_at_5": 0.3755,
    "precision_at_1": 0.46749,
    "precision_at_10": 0.26192,
    "precision_at_100": 0.08514,
    "precision_at_1000": 0.02174,
    "precision_at_3": 0.37049,
    "precision_at_5": 0.3226,
    "recall_at_1": 0.05929,
    "recall_at_10": 0.17644,
    "recall_at_100": 0.35046,
    "recall_at_1000": 0.66749,
    "recall_at_3": 0.10448,
    "recall_at_5": 0.13078
  }
}