{
  "dataset_revision": "b774495ed302d8c44a3a7ea25c90dbce03968f31",
  "mteb_dataset_name": "NQ",
  "mteb_version": "1.2.0",
  "test": {
    "co2_emissions": 8.587433684937455,
    "evaluation_time": 139370.92,
    "map_at_1": 0.28254,
    "map_at_10": 0.44465,
    "map_at_100": 0.45502,
    "map_at_1000": 0.45529,
    "map_at_3": 0.3965,
    "map_at_5": 0.42607,
    "mrr_at_1": 0.31981,
    "mrr_at_10": 0.46997,
    "mrr_at_100": 0.47716,
    "mrr_at_1000": 0.47733,
    "mrr_at_3": 0.42965,
    "mrr_at_5": 0.45492,
    "ndcg_at_1": 0.31981,
    "ndcg_at_10": 0.5287,
    "ndcg_at_100": 0.5719,
    "ndcg_at_1000": 0.57767,
    "ndcg_at_3": 0.43878,
    "ndcg_at_5": 0.48821,
    "precision_at_1": 0.31981,
    "precision_at_10": 0.0905,
    "precision_at_100": 0.01152,
    "precision_at_1000": 0.00121,
    "precision_at_3": 0.20577,
    "precision_at_5": 0.15174,
    "recall_at_1": 0.28254,
    "recall_at_10": 0.75941,
    "recall_at_100": 0.94776,
    "recall_at_1000": 0.98996,
    "recall_at_3": 0.52759,
    "recall_at_5": 0.64197
  }
}