{
  "dataset_revision": null,
  "mteb_dataset_name": "QuoraRetrieval",
  "mteb_version": "1.2.0",
  "test": {
    "co2_emissions": 0.29095278799320007,
    "evaluation_time": 4747.95,
    "map_at_1": 0.67561,
    "map_at_10": 0.81866,
    "map_at_100": 0.82589,
    "map_at_1000": 0.82605,
    "map_at_3": 0.78771,
    "map_at_5": 0.80726,
    "mrr_at_1": 0.7801,
    "mrr_at_10": 0.84902,
    "mrr_at_100": 0.85055,
    "mrr_at_1000": 0.85057,
    "mrr_at_3": 0.8376,
    "mrr_at_5": 0.84548,
    "ndcg_at_1": 0.7799,
    "ndcg_at_10": 0.85955,
    "ndcg_at_100": 0.87466,
    "ndcg_at_1000": 0.87586,
    "ndcg_at_3": 0.82744,
    "ndcg_at_5": 0.84535,
    "precision_at_1": 0.7799,
    "precision_at_10": 0.132,
    "precision_at_100": 0.01534,
    "precision_at_1000": 0.00157,
    "precision_at_3": 0.3638,
    "precision_at_5": 0.2408,
    "recall_at_1": 0.67561,
    "recall_at_10": 0.94065,
    "recall_at_100": 0.99322,
    "recall_at_1000": 0.99965,
    "recall_at_3": 0.85007,
    "recall_at_5": 0.89966
  }
}