{
  "dataset_revision": null,
  "mteb_dataset_name": "SCIDOCS",
  "mteb_version": "1.2.0",
  "test": {
    "co2_emissions": 0.12936484527993286,
    "evaluation_time": 2098.43,
    "map_at_1": 0.03903,
    "map_at_10": 0.0986,
    "map_at_100": 0.11809,
    "map_at_1000": 0.12084,
    "map_at_3": 0.07057,
    "map_at_5": 0.08416,
    "mrr_at_1": 0.192,
    "mrr_at_10": 0.2948,
    "mrr_at_100": 0.30616,
    "mrr_at_1000": 0.30685,
    "mrr_at_3": 0.2605,
    "mrr_at_5": 0.27875,
    "ndcg_at_1": 0.192,
    "ndcg_at_10": 0.17173,
    "ndcg_at_100": 0.2483,
    "ndcg_at_1000": 0.29886,
    "ndcg_at_3": 0.15896,
    "ndcg_at_5": 0.14054,
    "precision_at_1": 0.192,
    "precision_at_10": 0.0908,
    "precision_at_100": 0.02009,
    "precision_at_1000": 0.00322,
    "precision_at_3": 0.14933,
    "precision_at_5": 0.1248,
    "recall_at_1": 0.03903,
    "recall_at_10": 0.18413,
    "recall_at_100": 0.40775,
    "recall_at_1000": 0.6539,
    "recall_at_3": 0.09113,
    "recall_at_5": 0.12668
  }
}