{
  "dataset_revision": "d7c0de2777da35d6aae2200a62c6e0e5af397c4c",
  "mteb_dataset_name": "ToxicConversationsClassification",
  "mteb_version": "1.2.0",
  "test": {
    "accuracy": 0.704306,
    "accuracy_stderr": 0.032818641105323065,
    "ap": 0.13918247332585457,
    "ap_stderr": 0.0071518563022333215,
    "co2_emissions": 0.09791934139453917,
    "evaluation_time": 1594.15,
    "f1": 0.5412896705017108,
    "f1_stderr": 0.018568052589968652,
    "main_score": 0.704306
  }
}