{
  "dataset_revision": null,
  "mteb_dataset_name": "TRECCOVID",
  "mteb_version": "1.2.0",
  "test": {
    "co2_emissions": 0.688052960760304,
    "evaluation_time": 11164.02,
    "map_at_1": 0.0019,
    "map_at_10": 0.01252,
    "map_at_100": 0.07321,
    "map_at_1000": 0.17571,
    "map_at_3": 0.00457,
    "map_at_5": 0.00706,
    "mrr_at_1": 0.72,
    "mrr_at_10": 0.80417,
    "mrr_at_100": 0.80542,
    "mrr_at_1000": 0.80542,
    "mrr_at_3": 0.79,
    "mrr_at_5": 0.79,
    "ndcg_at_1": 0.67,
    "ndcg_at_10": 0.59481,
    "ndcg_at_100": 0.45999,
    "ndcg_at_1000": 0.41086,
    "ndcg_at_3": 0.61285,
    "ndcg_at_5": 0.61483,
    "precision_at_1": 0.72,
    "precision_at_10": 0.622,
    "precision_at_100": 0.4748,
    "precision_at_1000": 0.18476,
    "precision_at_3": 0.64,
    "precision_at_5": 0.648,
    "recall_at_1": 0.0019,
    "recall_at_10": 0.01532,
    "recall_at_100": 0.11039,
    "recall_at_1000": 0.38733,
    "recall_at_3": 0.0049,
    "recall_at_5": 0.00784
  }
}