{
  "dataset_revision": "70970daeab8776df92f5ea462b6173c0b46fd2d1",
  "mteb_dataset_name": "TwitterSemEval2015",
  "mteb_version": "1.2.0",
  "test": {
    "co2_emissions": 0.007357991292403101,
    "cos_sim": {
      "accuracy": 0.8829945759074924,
      "accuracy_threshold": 0.8747134804725647,
      "ap": 0.8028433722255766,
      "f1": 0.7429755276446977,
      "f1_threshold": 0.8691627383232117,
      "precision": 0.7294685990338164,
      "recall": 0.7569920844327177
    },
    "dot": {
      "accuracy": 0.8829945759074924,
      "accuracy_threshold": 0.8747134804725647,
      "ap": 0.8028433069152213,
      "f1": 0.7429755276446977,
      "f1_threshold": 0.8691627979278564,
      "precision": 0.7294685990338164,
      "recall": 0.7569920844327177
    },
    "euclidean": {
      "accuracy": 0.8829945759074924,
      "accuracy_threshold": 0.5005727410316467,
      "ap": 0.8028433722255767,
      "f1": 0.7429755276446977,
      "f1_threshold": 0.5115413665771484,
      "precision": 0.7294685990338164,
      "recall": 0.7569920844327177
    },
    "evaluation_time": 119.49,
    "manhattan": {
      "accuracy": 0.882517732610121,
      "accuracy_threshold": 10.917678833007812,
      "ap": 0.8022075393886604,
      "f1": 0.7422344689378758,
      "f1_threshold": 11.502823829650879,
      "precision": 0.7064854554124941,
      "recall": 0.7817941952506596
    },
    "max": {
      "accuracy": 0.8829945759074924,
      "ap": 0.8028433722255767,
      "f1": 0.7429755276446977
    }
  }
}