{
  "dataset_revision": "8b6510b0b1fa4e4c4f879467980e9be563ec1cdf",
  "mteb_dataset_name": "TwitterURLCorpus",
  "mteb_version": "1.2.0",
  "test": {
    "co2_emissions": 0.03153617026717279,
    "cos_sim": {
      "accuracy": 0.8920712539294446,
      "accuracy_threshold": 0.8695604801177979,
      "ap": 0.860119734667994,
      "f1": 0.787326614852553,
      "f1_threshold": 0.8562221527099609,
      "precision": 0.7614183989067108,
      "recall": 0.8150600554357869
    },
    "dot": {
      "accuracy": 0.8920712539294446,
      "accuracy_threshold": 0.8695604801177979,
      "ap": 0.8601195295495717,
      "f1": 0.787326614852553,
      "f1_threshold": 0.8562222123146057,
      "precision": 0.7614183989067108,
      "recall": 0.8150600554357869
    },
    "euclidean": {
      "accuracy": 0.8920712539294446,
      "accuracy_threshold": 0.5107632875442505,
      "ap": 0.8601193128819731,
      "f1": 0.787326614852553,
      "f1_threshold": 0.5362421274185181,
      "precision": 0.7614183989067108,
      "recall": 0.8150600554357869
    },
    "evaluation_time": 512.03,
    "manhattan": {
      "accuracy": 0.8919742306050374,
      "accuracy_threshold": 11.373016357421875,
      "ap": 0.8597770318620102,
      "f1": 0.7868913164228847,
      "f1_threshold": 11.910545349121094,
      "precision": 0.7580081329813797,
      "recall": 0.8180628272251309
    },
    "max": {
      "accuracy": 0.8920712539294446,
      "ap": 0.860119734667994,
      "f1": 0.787326614852553
    }
  }
}